,order_id,order_date,city,category,product,quantity,unit_price,sales,customer_type,payment_method
0,1001,2025-03-13,Chennai,Electronics,Mouse,5,474.49,2372.45,New,Net Banking
1,1002,2025-09-16,Hyderabad,Electronics,Mouse,2,471.86,943.72,New,Net Banking
2,1003,2025-01-04,Bangalore,Clothing,Jacket,5,3185.66,15928.3,Returning,Cash
3,1004,2025-06-22,Chennai,Groceries,Oil,4,163.72,654.88,New,Net Banking
4,1005,2025-01-23,Vizag,Electronics,Headphones,6,2041.49,12248.94,New,Net Banking
5,1006,2025-11-13,Pune,Electronics,Webcam,5,3730.58,18652.9,New,UPI
6,1007,2025-04-30,Chennai,Electronics,Keyboard,5,1316.45,6582.25,Returning,Cash
7,1008,2025-04-18,Delhi,Home,Lamp,3,681.83,2045.49,New,Card
8,1009,2025-11-24,Mumbai,Clothing,Jeans,8,1463.84,11710.72,Returning,UPI
9,1010,2025-02-03,Mumbai,Clothing,T-Shirt,6,588.14,3528.84,Returning,Card
10,1011,2025-03-13,Mumbai,Home,Chair,8,2321.44,18571.52,Returning,Net Banking
11,1012,2025-03-12,Vizag,Home,Lamp,4,769.63,3078.52,New,UPI
12,1013,2025-08-05,Chennai,Electronics,Keyboard,3,1270.1,3810.3,Returning,Net Banking
13,1014,2025-01-06,Chennai,Home,Table,5,5471.08,27355.4,Returning,Cash
14,1015,2025-01-02,Delhi,Electronics,Headphones,7,1863.26,13042.82,New,UPI
15,1016,2025-03-24,Hyderabad,Groceries,Biscuits,4,37.22,148.88,Returning,Net Banking
16,1017,2025-06-07,Mumbai,Electronics,Mouse,6,537.87,3227.22,New,Card
17,1018,2025-09-30,Bangalore,Electronics,Mouse,8,531.6,4252.8,New,Net Banking
18,1019,2025-10-04,Mumbai,Clothing,Shoes,7,2732.18,19125.26,Returning,Net Banking
19,1020,2025-04-26,Chennai,Groceries,Dal,8,110.9,887.2,Returning,UPI
20,1021,2025-12-29,Hyderabad,Clothing,Shirt,4,1081.73,4326.92,New,UPI
21,1022,2025-05-23,Vizag,Electronics,Headphones,2,2005.66,4011.32,New,Card
22,1023,2025-04-08,Chennai,Home,Pillow,8,530.75,4246.0,New,Net Banking
23,1024,2025-01-28,Chennai,Groceries,Dal,7,119.21,834.47,New,Net Banking
24,1025,2025-10-02,Vizag,Groceries,Rice,4,75.07,300.28,New,Net Banking
25,1026,2025-02-08,Vizag,Clothing,Shoes,8,2374.9,18999.2,New,UPI
26,1027,2025-09-06,Vizag,Electronics,Mouse,4,466.63,1866.52,New,Net Banking
27,1028,2025-07-19,Delhi,Electronics,Keyboard,7,1080.52,7563.64,Returning,Cash
28,1029,2025-06-01,Mumbai,Home,Table,8,4654.8,37238.4,New,UPI
29,1030,2025-09-15,Bangalore,Groceries,Rice,1,81.35,81.35,New,UPI
30,1031,2025-05-01,Kolkata,Clothing,T-Shirt,2,621.03,1242.06,New,Card
31,1032,2025-10-26,Pune,Electronics,Webcam,2,3443.46,6886.92,Returning,Card
32,1033,2025-12-10,Delhi,Groceries,Oil,5,146.87,734.35,New,Cash
33,1034,2025-10-16,Chennai,Electronics,Mouse,8,512.12,4096.96,New,Card
34,1035,2025-05-06,Pune,Groceries,Oil,6,161.43,968.58,Returning,Card
35,1036,2025-12-01,Hyderabad,Home,Table,5,5111.68,25558.4,Returning,UPI
36,1037,2025-10-11,Bangalore,Clothing,Shoes,2,2694.86,5389.72,Returning,Cash
37,1038,2025-05-16,Vizag,Clothing,Shoes,4,2593.75,10375.0,Returning,UPI
38,1039,2025-06-20,Bangalore,Electronics,Monitor,5,10905.81,54529.05,Returning,Card
39,1040,2025-02-27,Chennai,Home,Table,7,5060.91,35426.37,New,UPI
40,1041,2025-01-22,Delhi,Groceries,Biscuits,3,39.44,118.32,Returning,UPI
41,1042,2025-07-01,Kolkata,Groceries,Oil,4,155.01,620.04,New,Card
42,1043,2025-06-20,Kolkata,Clothing,Jeans,7,1357.44,9502.08,New,Cash
43,1044,2025-08-29,Mumbai,Clothing,T-Shirt,7,644.66,4512.62,New,Net Banking
44,1045,2025-12-04,Mumbai,Groceries,Sugar,4,47.23,188.92,Returning,Cash
45,1046,2025-09-18,Kolkata,Groceries,Rice,5,77.62,388.1,Returning,UPI
46,1047,2025-05-16,Hyderabad,Electronics,Headphones,3,2032.24,6096.72,New,Net Banking
47,1048,2025-09-19,Chennai,Groceries,Sugar,7,51.06,357.42,Returning,Card
48,1049,2025-10-03,Mumbai,Groceries,Rice,7,72.03,504.21,Returning,Net Banking
49,1050,2025-03-05,Delhi,Electronics,Headphones,6,2065.35,12392.1,Returning,Net Banking
50,1051,2025-04-09,Kolkata,Groceries,Dal,5,121.31,606.55,Returning,Card
51,1052,2025-04-18,Kolkata,Groceries,Dal,1,115.29,115.29,Returning,Net Banking
52,1053,2025-03-28,Chennai,Home,Chair,4,2505.59,10022.36,Returning,Cash
53,1054,2025-04-12,Bangalore,Electronics,Keyboard,5,1133.91,5669.55,New,UPI
54,1055,2025-11-19,Mumbai,Clothing,Jacket,2,2973.25,5946.5,Returning,Net Banking
55,1056,2025-01-03,Chennai,Home,Pillow,3,515.61,1546.83,Returning,Card
56,1057,2025-05-08,Chennai,Clothing,Shirt,8,1092.05,8736.4,Returning,Card
57,1058,2025-08-15,Kolkata,Home,Table,6,5450.04,32700.24,Returning,Card
58,1059,2025-11-23,Delhi,Home,Chair,5,2625.89,13129.45,Returning,Card
59,1060,2025-05-01,Delhi,Groceries,Dal,2,125.13,250.26,Returning,Cash
60,1061,2025-12-22,Bangalore,Electronics,Keyboard,3,1135.5,3406.5,New,UPI
61,1062,2025-08-01,Hyderabad,Home,Chair,6,2521.31,15127.86,New,Net Banking
62,1063,2025-10-22,Kolkata,Home,Table,1,5356.73,5356.73,Returning,UPI
63,1064,2025-08-03,Mumbai,Groceries,Sugar,7,53.53,374.71,Returning,Card
64,1065,2025-06-22,Kolkata,Groceries,Dal,8,108.7,869.6,New,Net Banking
65,1066,2025-10-31,Hyderabad,Clothing,Shirt,1,1297.66,1297.66,New,Net Banking
66,1067,2025-07-14,Pune,Clothing,Jacket,3,2730.17,8190.51,New,Net Banking
67,1068,2025-08-04,Delhi,Groceries,Sugar,7,47.78,334.46,New,Net Banking
68,1069,2025-06-29,Mumbai,Electronics,Webcam,1,3849.94,3849.94,New,UPI
69,1070,2025-11-15,Bangalore,Electronics,Keyboard,4,1281.41,5125.64,New,Card
70,1071,2025-05-12,Pune,Home,Bedsheet,4,893.71,3574.84,New,UPI
71,1072,2025-06-09,Kolkata,Clothing,Shoes,2,2539.34,5078.68,Returning,Card
72,1073,2025-06-04,Chennai,Electronics,Webcam,4,3221.33,12885.32,New,Cash
73,1074,2025-06-24,Hyderabad,Home,Lamp,2,700.83,1401.66,Returning,Net Banking
74,1075,2025-08-24,Bangalore,Electronics,Monitor,6,12325.4,73952.4,Returning,Card
75,1076,2025-10-31,Delhi,Groceries,Biscuits,8,39.72,317.76,Returning,Card
76,1077,2025-08-26,Kolkata,Electronics,Headphones,8,1897.55,15180.4,Returning,UPI
77,1078,2025-07-01,Delhi,Home,Lamp,3,698.26,2094.78,Returning,Cash
78,1079,2025-04-08,Chennai,Groceries,Biscuits,1,40.13,40.13,New,Net Banking
79,1080,2025-11-27,Vizag,Home,Table,4,5190.61,20762.44,Returning,UPI
80,1081,2025-05-05,Delhi,Electronics,Headphones,4,1961.76,7847.04,Returning,Net Banking
81,1082,2025-08-21,Delhi,Groceries,Dal,6,116.44,698.64,Returning,Cash
82,1083,2025-10-02,Bangalore,Clothing,T-Shirt,4,577.87,2311.48,New,Card
83,1084,2025-04-10,Delhi,Home,Lamp,5,767.27,3836.35,New,Cash
84,1085,2025-03-06,Delhi,Clothing,Shoes,1,2604.01,2604.01,New,UPI
85,1086,2025-01-07,Delhi,Groceries,Oil,8,138.08,1104.64,Returning,Net Banking
86,1087,2025-05-10,Vizag,Home,Lamp,3,765.17,2295.51,New,UPI
87,1088,2025-12-18,Hyderabad,Home,Chair,2,2538.51,5077.02,New,Card
88,1089,2025-08-02,Mumbai,Groceries,Rice,4,73.9,295.6,Returning,Net Banking
89,1090,2025-11-14,Hyderabad,Home,Lamp,7,672.75,4709.25,New,Card
90,1091,2025-03-30,Chennai,Clothing,Shoes,2,2328.53,4657.06,New,UPI
91,1092,2025-04-29,Delhi,Home,Chair,8,2395.63,19165.04,Returning,Net Banking
92,1093,2025-11-17,Mumbai,Electronics,Keyboard,5,1269.08,6345.4,Returning,UPI
93,1094,2025-02-06,Hyderabad,Clothing,Jeans,5,1597.99,7989.95,New,Cash
94,1095,2025-06-05,Kolkata,Groceries,Dal,2,119.25,238.5,Returning,Net Banking
95,1096,2025-06-15,Delhi,Home,Bedsheet,1,970.1,970.1,New,UPI
96,1097,2025-12-11,Delhi,Clothing,Shirt,1,1319.9,1319.9,New,Card
97,1098,2025-04-03,Kolkata,Home,Table,8,5416.07,43328.56,Returning,UPI
98,1099,2025-12-10,Chennai,Home,Lamp,7,676.66,4736.62,New,Cash
99,1100,2025-07-25,Hyderabad,Home,Chair,5,2581.29,12906.45,Returning,UPI
100,1101,2025-07-26,Hyderabad,Groceries,Sugar,6,46.16,276.96,Returning,Net Banking
101,1102,2025-09-13,Vizag,Electronics,Keyboard,6,1229.43,7376.58,New,Card
102,1103,2025-08-13,Vizag,Groceries,Biscuits,3,43.42,130.26,New,UPI
103,1104,2025-10-10,Kolkata,Clothing,Jeans,5,1515.25,7576.25,New,Card
104,1105,2025-03-20,Vizag,Electronics,Monitor,2,12354.5,24709.0,Returning,Cash
105,1106,2025-10-10,Bangalore,Home,Chair,8,2371.87,18974.96,Returning,Card
106,1107,2025-08-01,Pune,Clothing,T-Shirt,5,632.72,3163.6,Returning,UPI
107,1108,2025-08-17,Vizag,Groceries,Sugar,8,53.65,429.2,Returning,Cash
108,1109,2025-12-24,Mumbai,Home,Chair,6,2684.8,16108.8,Returning,Card
109,1110,2025-12-28,Kolkata,Home,Bedsheet,6,944.05,5664.3,Returning,Card
110,1111,2025-10-30,Pune,Home,Bedsheet,3,900.41,2701.23,New,Net Banking
111,1112,2025-03-15,Kolkata,Electronics,Webcam,8,3160.74,25285.92,New,UPI
112,1113,2025-07-23,Chennai,Home,Lamp,6,717.26,4303.56,Returning,Net Banking
113,1114,2025-05-01,Delhi,Groceries,Dal,1,122.82,122.82,New,UPI
114,1115,2025-12-22,Delhi,Home,Bedsheet,2,889.86,1779.72,New,UPI
115,1116,2025-08-09,Bangalore,Groceries,Rice,5,77.74,388.7,New,Net Banking
116,1117,2025-07-15,Mumbai,Clothing,Jeans,3,1373.69,4121.07,Returning,Card
117,1118,2025-12-08,Hyderabad,Clothing,Jacket,5,2975.74,14878.7,Returning,Cash
118,1119,2025-10-28,Delhi,Clothing,T-Shirt,8,653.43,5227.44,Returning,Cash
119,1120,2025-09-05,Chennai,Home,Lamp,4,769.91,3079.64,New,Net Banking
120,1121,2025-06-01,Hyderabad,Groceries,Biscuits,5,43.94,219.7,Returning,Cash
121,1122,2025-09-12,Delhi,Electronics,Webcam,1,3787.43,3787.43,New,Cash
122,1123,2025-12-04,Bangalore,Clothing,Jeans,5,1553.33,7766.65,New,UPI
123,1124,2025-03-09,Chennai,Groceries,Dal,1,121.91,121.91,Returning,Cash
124,1125,2025-10-04,Pune,Home,Pillow,4,463.22,1852.88,Returning,Card
125,1126,2025-06-23,Chennai,Groceries,Dal,5,125.92,629.6,Returning,UPI
126,1127,2025-10-13,Pune,Clothing,Jeans,7,1640.18,11481.26,New,Net Banking
127,1128,2025-12-11,Delhi,Electronics,Headphones,2,1981.91,3963.82,Returning,Cash
128,1129,2025-10-15,Pune,Electronics,Keyboard,8,1086.01,8688.08,New,UPI
129,1130,2025-01-24,Hyderabad,Home,Lamp,7,646.33,4524.31,Returning,Net Banking
130,1131,2025-03-11,Kolkata,Electronics,Mouse,4,538.73,2154.92,Returning,Cash
131,1132,2025-12-02,Chennai,Home,Table,3,5385.41,16156.23,Returning,Net Banking
132,1133,2025-08-16,Mumbai,Groceries,Rice,6,75.48,452.88,Returning,UPI
133,1134,2025-05-22,Mumbai,Groceries,Biscuits,6,36.48,218.88,New,Net Banking
134,1135,2025-06-20,Mumbai,Electronics,Keyboard,1,1092.14,1092.14,New,Card
135,1136,2025-04-30,Pune,Electronics,Webcam,4,3560.47,14241.88,New,UPI
136,1137,2025-03-31,Chennai,Groceries,Oil,3,151.21,453.63,New,Card
137,1138,2025-01-09,Bangalore,Electronics,Headphones,4,2035.54,8142.16,Returning,UPI
138,1139,2025-09-01,Vizag,Clothing,Jacket,2,3147.4,6294.8,Returning,UPI
139,1140,2025-01-23,Delhi,Home,Table,4,5445.42,21781.68,Returning,UPI
140,1141,2025-02-25,Vizag,Electronics,Monitor,7,11823.06,82761.42,Returning,UPI
141,1142,2025-05-21,Pune,Electronics,Headphones,3,1826.27,5478.81,Returning,Cash
142,1143,2025-12-26,Chennai,Home,Table,7,4599.18,32194.26,New,Net Banking
143,1144,2025-08-21,Kolkata,Home,Pillow,7,483.89,3387.23,Returning,UPI
144,1145,2025-07-11,Bangalore,Groceries,Dal,6,123.96,743.76,Returning,UPI
145,1146,2025-07-10,Bangalore,Electronics,Mouse,2,493.19,986.38,New,Cash
146,1147,2025-08-05,Hyderabad,Electronics,Monitor,6,12896.66,77379.96,Returning,Cash
147,1148,2025-09-04,Mumbai,Groceries,Rice,4,74.48,297.92,New,Cash
148,1149,2025-08-08,Hyderabad,Groceries,Rice,5,81.19,405.95,Returning,UPI
149,1150,2025-06-29,Hyderabad,Clothing,Shoes,5,2710.77,13553.85,New,Card
150,1151,2025-01-16,Chennai,Home,Bedsheet,3,943.37,2830.11,New,Net Banking
151,1152,2025-06-09,Pune,Home,Chair,6,2328.7,13972.2,New,UPI
152,1153,2025-05-20,Vizag,Clothing,Jeans,1,1552.19,1552.19,Returning,Net Banking
153,1154,2025-09-20,Chennai,Home,Chair,5,2357.78,11788.9,Returning,Net Banking
154,1155,2025-06-07,Hyderabad,Electronics,Headphones,8,2010.77,16086.16,New,Net Banking
155,1156,2025-04-19,Bangalore,Electronics,Mouse,4,480.14,1920.56,Returning,Cash
156,1157,2025-08-09,Bangalore,Groceries,Rice,1,79.96,79.96,New,Net Banking
157,1158,2025-01-22,Kolkata,Clothing,Shirt,6,1097.3,6583.8,New,Net Banking
158,1159,2025-12-30,Kolkata,Electronics,Headphones,7,2029.36,14205.52,Returning,UPI
159,1160,2025-11-13,Vizag,Home,Bedsheet,6,840.94,5045.64,Returning,UPI
160,1161,2025-07-25,Chennai,Home,Bedsheet,4,888.42,3553.68,Returning,Cash
161,1162,2025-02-09,Chennai,Groceries,Oil,6,158.37,950.22,New,Cash
162,1163,2025-05-12,Mumbai,Groceries,Oil,4,138.08,552.32,New,Card
163,1164,2025-10-16,Vizag,Electronics,Keyboard,8,1191.35,9530.8,Returning,Cash
164,1165,2025-11-20,Delhi,Clothing,Jacket,2,2981.35,5962.7,Returning,UPI
165,1166,2025-08-20,Hyderabad,Groceries,Biscuits,2,38.48,76.96,New,Cash
166,1167,2025-09-17,Kolkata,Groceries,Rice,2,81.84,163.68,Returning,UPI
167,1168,2025-09-01,Bangalore,Home,Table,4,4821.53,19286.12,New,Net Banking
168,1169,2025-03-30,Hyderabad,Electronics,Headphones,2,2001.82,4003.64,New,Net Banking
169,1170,2025-05-25,Kolkata,Home,Table,3,4863.9,14591.7,Returning,Cash
170,1171,2025-10-13,Kolkata,Electronics,Headphones,2,1931.88,3863.76,Returning,Cash
171,1172,2025-03-14,Pune,Clothing,Shoes,2,2541.37,5082.74,Returning,Net Banking
172,1173,2025-07-12,Pune,Clothing,Shirt,2,1154.3,2308.6,New,UPI
173,1174,2025-06-08,Bangalore,Home,Table,6,4518.23,27109.38,New,Cash
174,1175,2025-03-21,Chennai,Home,Pillow,4,550.0,2200.0,Returning,UPI
175,1176,2025-03-20,Bangalore,Electronics,Headphones,3,2038.9,6116.7,New,Card
176,1177,2025-05-02,Vizag,Home,Bedsheet,7,875.57,6128.99,Returning,Net Banking
177,1178,2025-08-29,Mumbai,Clothing,Shirt,4,1154.27,4617.08,Returning,Net Banking
178,1179,2025-08-03,Bangalore,Home,Lamp,7,700.41,4902.87,New,Card
179,1180,2025-10-11,Chennai,Groceries,Rice,8,85.99,687.92,New,Cash
180,1181,2025-09-20,Bangalore,Electronics,Keyboard,5,1187.84,5939.2,Returning,UPI
181,1182,2025-08-01,Hyderabad,Clothing,Jacket,6,3258.28,19549.68,Returning,Cash
182,1183,2025-01-15,Pune,Clothing,Jacket,2,2924.95,5849.9,New,Cash
183,1184,2025-08-30,Bangalore,Clothing,Jeans,1,1436.06,1436.06,Returning,Net Banking
184,1185,2025-03-18,Kolkata,Electronics,Mouse,1,475.59,475.59,New,Cash
185,1186,2025-08-03,Vizag,Clothing,Shoes,2,2273.87,4547.74,New,UPI
186,1187,2025-10-22,Mumbai,Home,Table,1,5131.95,5131.95,New,Cash
187,1188,2025-08-02,Bangalore,Home,Bedsheet,6,853.3,5119.8,New,Cash
188,1189,2025-08-29,Hyderabad,Electronics,Webcam,1,3423.32,3423.32,Returning,Cash
189,1190,2025-06-26,Mumbai,Groceries,Rice,6,84.62,507.72,New,Cash
190,1191,2025-11-26,Bangalore,Clothing,T-Shirt,6,605.52,3633.12,Returning,Net Banking
191,1192,2025-08-23,Hyderabad,Clothing,Jeans,2,1564.81,3129.62,Returning,Card
192,1193,2025-06-08,Kolkata,Electronics,Keyboard,1,1155.74,1155.74,Returning,Cash
193,1194,2025-01-25,Pune,Electronics,Keyboard,5,1165.67,5828.35,Returning,UPI
194,1195,2025-07-17,Pune,Groceries,Dal,7,125.84,880.88,New,Net Banking
195,1196,2025-08-06,Chennai,Home,Lamp,5,742.16,3710.8,Returning,Card
196,1197,2025-12-05,Delhi,Groceries,Sugar,2,45.8,91.6,Returning,Net Banking
197,1198,2025-01-22,Pune,Home,Pillow,8,485.15,3881.2,Returning,Cash
198,1199,2025-12-14,Bangalore,Electronics,Mouse,7,486.33,3404.31,New,Card
199,1200,2025-11-27,Pune,Home,Bedsheet,3,822.1,2466.3,Returning,Net Banking
200,1201,2025-07-09,Pune,Electronics,Webcam,3,3625.34,10876.02,Returning,UPI
201,1202,2025-11-29,Delhi,Clothing,Shirt,6,1175.53,7053.18,New,UPI
202,1203,2025-10-15,Chennai,Electronics,Keyboard,8,1204.26,9634.08,Returning,Cash
203,1204,2025-09-09,Mumbai,Home,Pillow,5,519.4,2597.0,New,Card
204,1205,2025-08-16,Chennai,Electronics,Monitor,3,12956.83,38870.49,Returning,Cash
205,1206,2025-03-22,Bangalore,Electronics,Webcam,5,3773.93,18869.65,Returning,Card
206,1207,2025-09-10,Hyderabad,Electronics,Keyboard,3,1136.82,3410.46,Returning,Cash
207,1208,2025-02-14,Chennai,Home,Table,3,5111.95,15335.85,Returning,Net Banking
208,1209,2025-10-22,Chennai,Home,Table,7,5269.16,36884.12,New,Cash
209,1210,2025-06-26,Bangalore,Electronics,Monitor,8,12432.26,99458.08,New,Card
210,1211,2025-09-23,Bangalore,Home,Table,1,5331.39,5331.39,Returning,Card
211,1212,2025-09-23,Delhi,Clothing,Shoes,4,2423.01,9692.04,New,Cash
212,1213,2025-06-05,Chennai,Clothing,Shirt,5,1110.04,5550.2,New,Card
213,1214,2025-10-16,Hyderabad,Clothing,Shirt,6,1282.21,7693.26,New,UPI
214,1215,2025-10-20,Kolkata,Electronics,Webcam,5,3605.79,18028.95,New,Net Banking
215,1216,2025-12-17,Kolkata,Groceries,Sugar,8,47.45,379.6,Returning,Net Banking
216,1217,2025-09-05,Vizag,Electronics,Mouse,3,493.96,1481.88,New,Cash
217,1218,2025-06-26,Kolkata,Clothing,Shoes,6,2617.1,15702.6,New,Cash
218,1219,2025-05-17,Vizag,Electronics,Headphones,4,1986.59,7946.36,New,Card
219,1220,2025-11-12,Kolkata,Electronics,Mouse,5,544.54,2722.7,New,Card
220,1221,2025-03-23,Vizag,Groceries,Biscuits,6,37.52,225.12,Returning,Net Banking
221,1222,2025-07-21,Vizag,Groceries,Dal,1,110.16,110.16,New,Card
222,1223,2025-11-02,Vizag,Groceries,Rice,1,76.5,76.5,Returning,UPI
223,1224,2025-07-07,Kolkata,Electronics,Monitor,3,12917.89,38753.67,Returning,UPI
224,1225,2025-05-28,Chennai,Home,Bedsheet,4,875.25,3501.0,Returning,Net Banking
225,1226,2025-02-19,Kolkata,Groceries,Biscuits,2,37.03,74.06,Returning,Cash
226,1227,2025-07-25,Hyderabad,Groceries,Oil,4,153.07,612.28,New,UPI
227,1228,2025-03-18,Bangalore,Clothing,Shoes,8,2509.67,20077.36,Returning,Cash
228,1229,2025-09-17,Vizag,Clothing,Jacket,5,3056.23,15281.15,Returning,Net Banking
229,1230,2025-08-02,Delhi,Electronics,Headphones,6,2069.52,12417.12,New,Net Banking
230,1231,2025-10-26,Vizag,Groceries,Biscuits,4,41.77,167.08,New,Net Banking
231,1232,2025-12-25,Chennai,Clothing,Jeans,1,1521.77,1521.77,New,UPI
232,1233,2025-12-20,Mumbai,Home,Lamp,7,651.2,4558.4,Returning,Net Banking
233,1234,2025-12-06,Vizag,Electronics,Keyboard,4,1214.61,4858.44,Returning,Cash
234,1235,2025-12-13,Delhi,Clothing,Jacket,6,3027.76,18166.56,Returning,Card
235,1236,2025-06-02,Delhi,Clothing,Shoes,5,2362.43,11812.15,New,Net Banking
236,1237,2025-05-21,Delhi,Groceries,Dal,6,121.45,728.7,New,Net Banking
237,1238,2025-05-28,Chennai,Home,Lamp,3,670.66,2011.98,Returning,Net Banking
238,1239,2025-10-03,Delhi,Groceries,Dal,4,112.85,451.4,Returning,Card
239,1240,2025-12-09,Mumbai,Electronics,Webcam,4,3319.72,13278.88,New,UPI
240,1241,2025-02-21,Bangalore,Electronics,Monitor,6,12521.66,75129.96,New,Card
241,1242,2025-05-28,Pune,Home,Chair,8,2575.27,20602.16,Returning,UPI
242,1243,2025-01-20,Bangalore,Electronics,Webcam,4,3524.61,14098.44,Returning,Card
243,1244,2025-05-29,Hyderabad,Electronics,Monitor,8,11247.15,89977.2,New,Cash
244,1245,2025-11-25,Vizag,Electronics,Headphones,5,1981.74,9908.7,New,Net Banking
245,1246,2025-08-23,Delhi,Groceries,Oil,2,144.92,289.84,New,UPI
246,1247,2025-11-24,Kolkata,Groceries,Sugar,4,46.75,187.0,Returning,Cash
247,1248,2025-03-13,Vizag,Electronics,Monitor,2,11243.47,22486.94,Returning,Card
248,1249,2025-05-17,Pune,Electronics,Headphones,7,1894.21,13259.47,Returning,UPI
249,1250,2025-03-02,Vizag,Groceries,Sugar,4,45.62,182.48,Returning,Card
250,1251,2025-11-24,Delhi,Home,Table,5,5190.29,25951.45,Returning,Card
251,1252,2025-11-07,Pune,Clothing,Jeans,8,1395.96,11167.68,Returning,Net Banking
252,1253,2025-09-28,Pune,Clothing,Jeans,2,1507.65,3015.3,New,UPI
253,1254,2025-03-18,Bangalore,Electronics,Webcam,4,3550.89,14203.56,Returning,Net Banking
254,1255,2025-09-19,Vizag,Electronics,Keyboard,8,1101.83,8814.64,New,Net Banking
255,1256,2025-01-30,Vizag,Clothing,Shirt,7,1189.63,8327.41,Returning,UPI
256,1257,2025-10-24,Chennai,Home,Lamp,1,734.41,734.41,New,Net Banking
257,1258,2025-02-05,Vizag,Groceries,Rice,1,86.95,86.95,New,Cash
258,1259,2025-11-27,Kolkata,Home,Pillow,3,526.58,1579.74,Returning,Net Banking
259,1260,2025-12-05,Bangalore,Home,Chair,7,2290.12,16030.84,Returning,UPI
260,1261,2025-04-25,Hyderabad,Clothing,Shirt,7,1206.92,8448.44,New,Cash
261,1262,2025-04-28,Mumbai,Home,Table,7,5031.93,35223.51,Returning,Cash
262,1263,2025-02-27,Hyderabad,Clothing,Shoes,4,2718.71,10874.84,Returning,UPI
263,1264,2025-01-18,Vizag,Clothing,Jeans,2,1380.27,2760.54,New,Card
264,1265,2025-04-22,Hyderabad,Electronics,Monitor,8,11362.41,90899.28,New,Cash
265,1266,2025-12-11,Pune,Clothing,Shirt,6,1218.59,7311.54,New,Cash
266,1267,2025-05-21,Hyderabad,Clothing,Shirt,4,1179.25,4717.0,New,Net Banking
267,1268,2025-12-10,Kolkata,Home,Bedsheet,6,979.49,5876.94,Returning,Net Banking
268,1269,2025-10-03,Vizag,Home,Pillow,5,487.65,2438.25,New,Card
269,1270,2025-10-15,Kolkata,Groceries,Oil,8,162.44,1299.52,Returning,Card
270,1271,2025-11-28,Chennai,Home,Pillow,5,470.33,2351.65,Returning,Cash
271,1272,2025-07-13,Hyderabad,Electronics,Webcam,4,3186.08,12744.32,New,Card
272,1273,2025-06-20,Delhi,Clothing,Jacket,4,3221.68,12886.72,New,Card
273,1274,2025-12-23,Mumbai,Clothing,T-Shirt,8,649.73,5197.84,Returning,Card
274,1275,2025-11-29,Pune,Groceries,Sugar,7,49.66,347.62,Returning,Cash
275,1276,2025-08-29,Pune,Groceries,Biscuits,8,39.73,317.84,New,Cash
276,1277,2025-04-24,Bangalore,Groceries,Dal,1,121.5,121.5,New,Cash
277,1278,2025-04-28,Kolkata,Home,Lamp,3,657.47,1972.41,New,Net Banking
278,1279,2025-11-25,Vizag,Groceries,Sugar,8,54.67,437.36,Returning,Card
279,1280,2025-09-08,Bangalore,Groceries,Oil,3,156.61,469.83,New,UPI
280,1281,2025-11-19,Mumbai,Electronics,Mouse,1,491.24,491.24,New,Card
281,1282,2025-11-13,Vizag,Electronics,Keyboard,8,1169.57,9356.56,Returning,UPI
282,1283,2025-09-29,Delhi,Electronics,Webcam,7,3158.3,22108.1,Returning,UPI
283,1284,2025-09-26,Bangalore,Home,Pillow,2,541.8,1083.6,New,Card
284,1285,2025-02-10,Pune,Groceries,Sugar,5,52.95,264.75,Returning,Net Banking
285,1286,2025-02-11,Hyderabad,Clothing,Jeans,5,1555.21,7776.05,New,Net Banking
286,1287,2025-01-05,Bangalore,Home,Chair,8,2278.06,18224.48,New,Net Banking
287,1288,2025-01-22,Mumbai,Home,Lamp,2,755.27,1510.54,New,Net Banking
288,1289,2025-05-24,Hyderabad,Groceries,Rice,2,82.95,165.9,New,Cash
289,1290,2025-12-31,Kolkata,Electronics,Keyboard,3,1260.54,3781.62,New,Cash
290,1291,2025-07-19,Pune,Clothing,Shirt,4,1216.01,4864.04,Returning,Card
291,1292,2025-08-12,Mumbai,Electronics,Webcam,6,3187.59,19125.54,New,Cash
292,1293,2025-08-19,Vizag,Home,Lamp,1,718.78,718.78,New,Cash
293,1294,2025-12-05,Kolkata,Home,Chair,3,2589.85,7769.55,New,Cash
294,1295,2025-07-14,Bangalore,Clothing,T-Shirt,2,572.16,1144.32,Returning,Cash
295,1296,2025-06-07,Vizag,Groceries,Rice,2,72.08,144.16,Returning,Cash
296,1297,2025-08-18,Kolkata,Electronics,Keyboard,2,1124.97,2249.94,New,UPI
297,1298,2025-06-16,Kolkata,Electronics,Headphones,2,2038.77,4077.54,New,Cash
298,1299,2025-10-14,Mumbai,Home,Chair,2,2612.42,5224.84,New,Net Banking
299,1300,2025-09-10,Bangalore,Clothing,Jeans,5,1440.34,7201.7,New,Card
300,1301,2025-02-09,Pune,Home,Lamp,7,671.97,4703.79,Returning,Card
301,1302,2025-03-11,Delhi,Home,Table,4,4957.86,19831.44,New,Net Banking
302,1303,2025-06-18,Vizag,Groceries,Biscuits,7,42.43,297.01,Returning,Net Banking
303,1304,2025-12-22,Mumbai,Clothing,Shoes,6,2551.61,15309.66,Returning,Cash
304,1305,2025-12-22,Vizag,Clothing,Jacket,6,2874.87,17249.22,New,Cash
305,1306,2025-10-16,Mumbai,Home,Lamp,7,681.1,4767.7,New,UPI
306,1307,2025-12-21,Chennai,Home,Pillow,8,529.77,4238.16,Returning,Net Banking
307,1308,2025-03-20,Kolkata,Clothing,Shoes,4,2376.34,9505.36,Returning,UPI
308,1309,2025-10-01,Kolkata,Home,Table,8,5082.24,40657.92,New,Cash
309,1310,2025-07-01,Bangalore,Electronics,Mouse,4,515.76,2063.04,New,Net Banking
310,1311,2025-05-13,Mumbai,Groceries,Dal,2,108.25,216.5,New,Net Banking
311,1312,2025-10-29,Bangalore,Groceries,Dal,8,126.54,1012.32,Returning,UPI
312,1313,2025-02-13,Chennai,Home,Bedsheet,5,884.88,4424.4,New,Cash
313,1314,2025-09-24,Vizag,Groceries,Sugar,8,52.84,422.72,Returning,Net Banking
314,1315,2025-06-03,Hyderabad,Electronics,Monitor,8,11565.38,92523.04,New,UPI
315,1316,2025-05-05,Bangalore,Groceries,Rice,3,86.88,260.64,New,Cash
316,1317,2025-11-19,Bangalore,Home,Chair,4,2648.88,10595.52,New,Net Banking
317,1318,2025-08-08,Kolkata,Home,Bedsheet,4,890.92,3563.68,New,Card
318,1319,2025-10-02,Bangalore,Clothing,Shoes,2,2538.67,5077.34,Returning,Cash
319,1320,2025-09-08,Pune,Clothing,Jacket,2,2857.41,5714.82,Returning,Net Banking
320,1321,2025-11-13,Bangalore,Electronics,Headphones,6,2138.21,12829.26,Returning,UPI
321,1322,2025-03-01,Bangalore,Clothing,Shoes,2,2369.29,4738.58,Returning,Card
322,1323,2025-08-05,Bangalore,Home,Chair,3,2537.4,7612.2,Returning,Card
323,1324,2025-06-11,Vizag,Clothing,Jacket,5,2784.18,13920.9,New,Cash
324,1325,2025-07-16,Vizag,Electronics,Monitor,3,11268.31,33804.93,Returning,Net Banking
325,1326,2025-10-17,Hyderabad,Home,Chair,8,2333.63,18669.04,New,Cash
326,1327,2025-03-28,Vizag,Electronics,Headphones,4,2015.04,8060.16,Returning,UPI
327,1328,2025-01-22,Vizag,Electronics,Headphones,6,2016.82,12100.92,New,Net Banking
328,1329,2025-01-17,Vizag,Electronics,Keyboard,5,1289.95,6449.75,Returning,Cash
329,1330,2025-05-02,Mumbai,Electronics,Monitor,2,12661.52,25323.04,Returning,Net Banking
330,1331,2025-04-16,Hyderabad,Clothing,Shirt,3,1268.36,3805.08,Returning,Cash
331,1332,2025-05-17,Chennai,Clothing,Shoes,5,2394.67,11973.35,New,Net Banking
332,1333,2025-03-09,Mumbai,Electronics,Headphones,3,2080.57,6241.71,New,Cash
333,1334,2025-11-20,Delhi,Clothing,Jacket,8,2785.3,22282.4,Returning,Net Banking
334,1335,2025-05-23,Pune,Home,Bedsheet,2,882.51,1765.02,Returning,Net Banking
335,1336,2025-02-17,Vizag,Groceries,Biscuits,1,42.95,42.95,Returning,UPI
336,1337,2025-09-11,Delhi,Home,Pillow,7,532.48,3727.36,Returning,Cash
337,1338,2025-09-06,Pune,Groceries,Biscuits,3,40.53,121.59,New,UPI
338,1339,2025-03-22,Vizag,Electronics,Monitor,1,11098.17,11098.17,Returning,UPI
339,1340,2025-06-04,Bangalore,Home,Pillow,3,538.21,1614.63,Returning,UPI
340,1341,2025-11-29,Bangalore,Groceries,Sugar,2,48.72,97.44,New,Net Banking
341,1342,2025-12-27,Chennai,Groceries,Oil,7,154.66,1082.62,New,Card
342,1343,2025-09-23,Vizag,Home,Bedsheet,3,916.86,2750.58,New,UPI
343,1344,2025-09-02,Chennai,Groceries,Rice,7,83.1,581.7,New,Net Banking
344,1345,2025-06-03,Bangalore,Electronics,Mouse,2,481.34,962.68,Returning,Card
345,1346,2025-03-26,Vizag,Clothing,T-Shirt,1,613.24,613.24,Returning,Card
346,1347,2025-02-14,Chennai,Clothing,Jacket,8,3215.98,25727.84,New,UPI
347,1348,2025-03-13,Mumbai,Home,Lamp,7,674.03,4718.21,Returning,UPI
348,1349,2025-12-20,Hyderabad,Clothing,Shirt,5,1266.95,6334.75,Returning,Card
349,1350,2025-05-03,Vizag,Clothing,Jacket,5,3087.7,15438.5,Returning,UPI
350,1351,2025-01-07,Pune,Clothing,Jacket,2,3016.97,6033.94,Returning,Card
351,1352,2025-12-16,Bangalore,Home,Table,7,4865.41,34057.87,Returning,UPI
352,1353,2025-04-21,Hyderabad,Electronics,Webcam,2,3159.66,6319.32,New,Net Banking
353,1354,2025-07-25,Chennai,Groceries,Biscuits,7,39.39,275.73,New,Cash
354,1355,2025-04-15,Bangalore,Electronics,Headphones,2,2004.52,4009.04,Returning,Net Banking
355,1356,2025-05-03,Hyderabad,Electronics,Headphones,7,2091.98,14643.86,New,UPI
356,1357,2025-01-29,Delhi,Home,Bedsheet,8,920.21,7361.68,New,UPI
357,1358,2025-06-27,Delhi,Electronics,Keyboard,1,1119.32,1119.32,New,Cash
358,1359,2025-01-16,Pune,Clothing,Shoes,2,2635.72,5271.44,Returning,Cash
359,1360,2025-09-19,Pune,Electronics,Headphones,2,1998.46,3996.92,New,Net Banking
360,1361,2025-02-22,Chennai,Clothing,Shoes,3,2377.56,7132.68,New,UPI
361,1362,2025-07-06,Kolkata,Electronics,Mouse,4,454.6,1818.4,New,Card
362,1363,2025-05-08,Kolkata,Electronics,Webcam,7,3307.16,23150.12,Returning,Cash
363,1364,2025-12-11,Hyderabad,Electronics,Webcam,6,3233.58,19401.48,New,Card
364,1365,2025-05-25,Delhi,Electronics,Monitor,2,12904.78,25809.56,Returning,UPI
365,1366,2025-10-16,Delhi,Home,Bedsheet,6,846.12,5076.72,New,Net Banking
366,1367,2025-04-11,Mumbai,Groceries,Biscuits,8,43.98,351.84,New,UPI
367,1368,2025-11-22,Hyderabad,Home,Bedsheet,4,907.48,3629.92,Returning,UPI
368,1369,2025-05-02,Kolkata,Home,Lamp,2,658.73,1317.46,Returning,UPI
369,1370,2025-04-29,Kolkata,Clothing,Shoes,2,2271.95,4543.9,Returning,Net Banking
370,1371,2025-11-23,Kolkata,Electronics,Webcam,2,3503.8,7007.6,New,UPI
371,1372,2025-06-11,Kolkata,Home,Pillow,4,479.17,1916.68,Returning,Cash
372,1373,2025-04-14,Bangalore,Home,Lamp,4,640.46,2561.84,New,Card
373,1374,2025-07-28,Chennai,Electronics,Keyboard,8,1191.85,9534.8,Returning,Card
374,1375,2025-03-03,Chennai,Home,Lamp,8,667.1,5336.8,New,Cash
375,1376,2025-12-31,Mumbai,Electronics,Keyboard,6,1115.6,6693.6,Returning,Net Banking
376,1377,2025-03-31,Hyderabad,Electronics,Headphones,5,2128.04,10640.2,Returning,Net Banking
377,1378,2025-03-13,Chennai,Clothing,T-Shirt,8,552.23,4417.84,New,UPI
378,1379,2025-07-10,Chennai,Clothing,Jeans,4,1597.1,6388.4,Returning,UPI
379,1380,2025-08-16,Bangalore,Electronics,Mouse,4,540.25,2161.0,New,Cash
380,1381,2025-10-21,Kolkata,Electronics,Mouse,8,455.06,3640.48,Returning,Net Banking
381,1382,2025-04-20,Bangalore,Electronics,Monitor,7,11214.74,78503.18,Returning,Cash
382,1383,2025-11-12,Mumbai,Home,Pillow,1,511.41,511.41,Returning,Net Banking
383,1384,2025-05-24,Kolkata,Home,Table,8,4560.98,36487.84,New,Net Banking
384,1385,2025-10-06,Hyderabad,Clothing,Shirt,4,1231.38,4925.52,Returning,Cash
385,1386,2025-10-17,Pune,Home,Table,8,4844.03,38752.24,Returning,Cash
386,1387,2025-01-16,Delhi,Clothing,T-Shirt,6,611.65,3669.9,New,Net Banking
387,1388,2025-02-21,Mumbai,Groceries,Biscuits,4,43.79,175.16,New,Cash
388,1389,2025-03-30,Bangalore,Electronics,Keyboard,7,1165.15,8156.05,New,Cash
389,1390,2025-06-30,Bangalore,Groceries,Biscuits,1,41.63,41.63,New,Net Banking
390,1391,2025-01-29,Mumbai,Groceries,Oil,8,136.14,1089.12,New,UPI
391,1392,2025-04-14,Bangalore,Home,Bedsheet,6,975.22,5851.32,New,Card
392,1393,2025-12-27,Bangalore,Groceries,Rice,1,74.36,74.36,New,Cash
393,1394,2025-06-22,Delhi,Electronics,Headphones,7,2034.41,14240.87,Returning,Card
394,1395,2025-03-31,Pune,Clothing,Jacket,8,3089.51,24716.08,New,Card
395,1396,2025-01-01,Kolkata,Home,Lamp,5,647.83,3239.15,New,Card
396,1397,2025-02-23,Vizag,Groceries,Biscuits,4,41.12,164.48,New,Cash
397,1398,2025-03-27,Chennai,Electronics,Keyboard,6,1315.77,7894.62,Returning,Net Banking
398,1399,2025-02-04,Pune,Electronics,Headphones,4,1899.82,7599.28,Returning,UPI
399,1400,2025-08-03,Bangalore,Electronics,Mouse,7,493.82,3456.74,Returning,Net Banking
400,1401,2025-09-03,Mumbai,Home,Lamp,7,644.2,4509.4,New,Net Banking
401,1402,2025-05-14,Chennai,Electronics,Mouse,5,452.01,2260.05,New,Cash
402,1403,2025-10-08,Chennai,Clothing,Jacket,3,3139.19,9417.57,Returning,Net Banking
403,1404,2025-08-11,Bangalore,Electronics,Monitor,3,12257.56,36772.68,New,UPI
404,1405,2025-10-11,Delhi,Groceries,Oil,4,147.28,589.12,Returning,Cash
405,1406,2025-10-09,Vizag,Clothing,T-Shirt,1,587.15,587.15,New,UPI
406,1407,2025-12-05,Vizag,Groceries,Rice,7,73.4,513.8,New,UPI
407,1408,2025-02-11,Vizag,Electronics,Keyboard,3,1233.17,3699.51,New,Cash
408,1409,2025-05-16,Chennai,Home,Chair,8,2697.44,21579.52,Returning,Card
409,1410,2025-01-23,Delhi,Groceries,Dal,6,112.48,674.88,Returning,Net Banking
410,1411,2025-03-19,Chennai,Groceries,Oil,5,151.93,759.65,New,Cash
411,1412,2025-07-18,Kolkata,Home,Table,4,5053.6,20214.4,Returning,Card
412,1413,2025-01-18,Bangalore,Home,Lamp,2,685.27,1370.54,New,Net Banking
413,1414,2025-03-06,Hyderabad,Clothing,Jeans,4,1592.54,6370.16,Returning,UPI
414,1415,2025-05-13,Pune,Home,Pillow,3,533.41,1600.23,New,UPI
415,1416,2025-05-22,Vizag,Home,Table,7,5052.05,35364.35,New,Net Banking
416,1417,2025-10-29,Chennai,Electronics,Monitor,3,11155.68,33467.04,New,UPI
417,1418,2025-05-16,Kolkata,Groceries,Biscuits,6,43.02,258.12,Returning,Net Banking
418,1419,2025-11-13,Kolkata,Electronics,Keyboard,5,1176.71,5883.55,New,Net Banking
419,1420,2025-05-18,Pune,Groceries,Oil,1,157.37,157.37,New,Cash
420,1421,2025-12-23,Chennai,Groceries,Sugar,5,53.43,267.15,New,Card
421,1422,2025-08-02,Chennai,Groceries,Dal,6,114.47,686.82,New,Net Banking
422,1423,2025-07-11,Hyderabad,Clothing,Jacket,8,3155.7,25245.6,New,UPI
423,1424,2025-09-26,Hyderabad,Groceries,Biscuits,7,37.09,259.63,New,Card
424,1425,2025-01-26,Pune,Clothing,T-Shirt,4,543.97,2175.88,New,Cash
425,1426,2025-03-05,Hyderabad,Groceries,Dal,7,123.25,862.75,New,Cash
426,1427,2025-08-31,Pune,Home,Table,8,4677.58,37420.64,Returning,Card
427,1428,2025-01-26,Bangalore,Groceries,Rice,5,72.44,362.2,New,Card
428,1429,2025-09-20,Hyderabad,Clothing,Jeans,5,1545.48,7727.4,New,Net Banking
429,1430,2025-11-08,Delhi,Clothing,Jeans,1,1417.13,1417.13,Returning,Net Banking
430,1431,2025-08-27,Delhi,Home,Lamp,8,665.28,5322.24,Returning,UPI
431,1432,2025-11-01,Delhi,Electronics,Webcam,6,3543.02,21258.12,Returning,UPI
432,1433,2025-11-24,Pune,Home,Bedsheet,6,987.9,5927.4,Returning,Cash
433,1434,2025-05-04,Hyderabad,Groceries,Oil,3,150.52,451.56,Returning,Cash
434,1435,2025-05-13,Kolkata,Clothing,T-Shirt,8,659.7,5277.6,Returning,Net Banking
435,1436,2025-04-24,Vizag,Electronics,Webcam,4,3390.22,13560.88,Returning,Cash
436,1437,2025-08-30,Bangalore,Clothing,Shirt,3,1150.51,3451.53,Returning,Card
437,1438,2025-06-07,Kolkata,Groceries,Rice,4,77.68,310.72,Returning,Cash
438,1439,2025-03-02,Vizag,Groceries,Biscuits,5,39.71,198.55,New,UPI
439,1440,2025-07-15,Delhi,Home,Pillow,2,536.75,1073.5,Returning,UPI
440,1441,2025-10-19,Vizag,Clothing,Jeans,4,1452.8,5811.2,New,Cash
441,1442,2025-04-01,Pune,Clothing,T-Shirt,8,579.92,4639.36,New,UPI
442,1443,2025-03-28,Bangalore,Home,Lamp,4,736.57,2946.28,Returning,UPI
443,1444,2025-07-26,Kolkata,Clothing,Shirt,7,1232.04,8624.28,Returning,Net Banking
444,1445,2025-01-08,Pune,Electronics,Mouse,4,523.07,2092.28,New,UPI
445,1446,2025-06-26,Delhi,Electronics,Keyboard,4,1246.45,4985.8,New,UPI
446,1447,2025-01-24,Delhi,Home,Table,5,4667.02,23335.1,Returning,Net Banking
447,1448,2025-09-08,Pune,Groceries,Dal,3,116.23,348.69,New,Card
448,1449,2025-03-09,Mumbai,Home,Bedsheet,4,850.38,3401.52,New,Card
449,1450,2025-11-24,Delhi,Electronics,Headphones,1,1950.08,1950.08,New,UPI
450,1451,2025-08-02,Vizag,Electronics,Mouse,1,518.97,518.97,Returning,UPI
451,1452,2025-12-18,Hyderabad,Groceries,Dal,3,112.93,338.79,Returning,Net Banking
452,1453,2025-12-25,Bangalore,Electronics,Webcam,5,3585.96,17929.8,Returning,UPI
453,1454,2025-09-12,Mumbai,Electronics,Headphones,2,2113.9,4227.8,New,Cash
454,1455,2025-01-21,Vizag,Clothing,Shoes,7,2397.68,16783.76,New,Net Banking
455,1456,2025-02-15,Chennai,Groceries,Oil,1,135.38,135.38,Returning,Card
456,1457,2025-02-21,Delhi,Electronics,Webcam,2,3656.49,7312.98,New,Net Banking
457,1458,2025-03-31,Hyderabad,Groceries,Sugar,8,45.5,364.0,Returning,Cash
458,1459,2025-01-24,Hyderabad,Groceries,Dal,2,110.28,220.56,New,Card
459,1460,2025-05-18,Chennai,Groceries,Sugar,8,54.55,436.4,Returning,Cash
460,1461,2025-08-22,Delhi,Clothing,T-Shirt,7,588.03,4116.21,Returning,Net Banking
461,1462,2025-01-31,Bangalore,Home,Pillow,2,463.25,926.5,New,Net Banking
462,1463,2025-07-14,Pune,Home,Table,8,4681.26,37450.08,New,Card
463,1464,2025-08-14,Hyderabad,Home,Chair,2,2693.8,5387.6,New,Cash
464,1465,2025-12-09,Pune,Groceries,Rice,4,87.65,350.6,New,Net Banking
465,1466,2025-11-25,Kolkata,Clothing,Jacket,6,3098.23,18589.38,New,UPI
466,1467,2025-03-26,Chennai,Electronics,Keyboard,8,1284.45,10275.6,Returning,Cash
467,1468,2025-04-25,Kolkata,Clothing,Shoes,5,2275.18,11375.9,Returning,Card
468,1469,2025-08-18,Chennai,Electronics,Monitor,8,12723.03,101784.24,Returning,Net Banking
469,1470,2025-01-10,Chennai,Groceries,Rice,8,83.92,671.36,Returning,Net Banking
470,1471,2025-11-06,Delhi,Electronics,Webcam,1,3728.14,3728.14,New,Net Banking
471,1472,2025-08-21,Pune,Groceries,Sugar,1,53.17,53.17,Returning,Cash
472,1473,2025-04-24,Hyderabad,Home,Bedsheet,2,946.68,1893.36,Returning,Cash
473,1474,2025-01-24,Bangalore,Groceries,Biscuits,6,41.62,249.72,Returning,Card
474,1475,2025-04-07,Chennai,Home,Bedsheet,5,919.95,4599.75,Returning,Card
475,1476,2025-08-01,Hyderabad,Home,Pillow,6,460.78,2764.68,New,Net Banking
476,1477,2025-01-03,Hyderabad,Home,Table,3,5463.85,16391.55,Returning,Net Banking
477,1478,2025-03-07,Chennai,Clothing,Shirt,3,1255.32,3765.96,Returning,Cash
478,1479,2025-06-25,Delhi,Home,Chair,4,2386.8,9547.2,Returning,Card
479,1480,2025-10-08,Pune,Clothing,Jacket,5,3205.84,16029.2,New,Card
480,1481,2025-12-11,Bangalore,Clothing,Shirt,5,1244.79,6223.95,New,Cash
481,1482,2025-12-08,Kolkata,Electronics,Headphones,8,2033.12,16264.96,Returning,Net Banking
482,1483,2025-03-16,Hyderabad,Electronics,Webcam,2,3167.69,6335.38,New,Card
483,1484,2025-03-16,Hyderabad,Groceries,Oil,5,155.5,777.5,Returning,Card
484,1485,2025-12-12,Mumbai,Electronics,Headphones,8,1840.99,14727.92,Returning,Card
485,1486,2025-12-17,Pune,Groceries,Rice,7,78.2,547.4,New,UPI
486,1487,2025-11-21,Pune,Groceries,Oil,8,159.9,1279.2,New,Card
487,1488,2025-02-08,Bangalore,Groceries,Dal,3,131.6,394.8,New,UPI
488,1489,2025-05-16,Bangalore,Home,Bedsheet,7,860.24,6021.68,New,Cash
489,1490,2025-03-21,Hyderabad,Electronics,Headphones,8,2083.88,16671.04,New,Cash
490,1491,2025-10-21,Pune,Electronics,Webcam,5,3493.39,17466.95,New,Cash
491,1492,2025-03-23,Kolkata,Clothing,Jeans,2,1585.88,3171.76,Returning,UPI
492,1493,2025-06-19,Pune,Groceries,Oil,4,154.9,619.6,Returning,Card
493,1494,2025-06-27,Vizag,Home,Table,1,4614.72,4614.72,New,Card
494,1495,2025-02-28,Kolkata,Electronics,Headphones,7,2166.37,15164.59,Returning,Cash
495,1496,2025-09-18,Vizag,Electronics,Webcam,6,3510.02,21060.12,Returning,UPI
496,1497,2025-02-19,Bangalore,Groceries,Oil,6,150.42,902.52,New,UPI
497,1498,2025-04-16,Kolkata,Clothing,Jeans,7,1600.7,11204.9,New,Card
498,1499,2025-02-07,Hyderabad,Electronics,Monitor,6,10890.93,65345.58,New,Cash
499,1500,2025-07-28,Kolkata,Electronics,Webcam,4,3787.69,15150.76,Returning,Net Banking
500,1501,2025-03-02,Hyderabad,Home,Lamp,1,684.53,684.53,New,UPI
501,1502,2025-12-18,Delhi,Electronics,Headphones,2,1915.93,3831.86,New,Cash
502,1503,2025-01-16,Vizag,Home,Chair,7,2661.06,18627.42,New,Card
503,1504,2025-03-15,Delhi,Clothing,Jacket,5,3276.08,16380.4,Returning,UPI
504,1505,2025-11-02,Kolkata,Clothing,T-Shirt,1,540.6,540.6,New,Cash
505,1506,2025-11-27,Bangalore,Clothing,Shoes,4,2456.33,9825.32,New,Card
506,1507,2025-04-03,Hyderabad,Clothing,Shirt,5,1126.64,5633.2,Returning,UPI
507,1508,2025-10-25,Vizag,Groceries,Rice,5,73.57,367.85,Returning,Cash
508,1509,2025-02-05,Mumbai,Clothing,Jeans,2,1435.54,2871.08,Returning,Net Banking
509,1510,2025-03-20,Pune,Home,Lamp,5,727.08,3635.4,Returning,Net Banking
510,1511,2025-04-24,Kolkata,Clothing,T-Shirt,6,569.54,3417.24,Returning,Cash
511,1512,2025-07-03,Delhi,Clothing,Shoes,8,2481.42,19851.36,Returning,UPI
512,1513,2025-03-13,Mumbai,Clothing,Shirt,2,1282.03,2564.06,Returning,UPI
513,1514,2025-10-24,Kolkata,Electronics,Mouse,1,531.26,531.26,New,UPI
514,1515,2025-03-18,Pune,Groceries,Biscuits,8,41.23,329.84,Returning,Card
515,1516,2025-02-16,Kolkata,Groceries,Oil,8,150.03,1200.24,Returning,UPI
516,1517,2025-03-13,Vizag,Clothing,Shirt,3,1261.73,3785.19,New,Card
517,1518,2025-09-07,Mumbai,Clothing,Jacket,6,2724.25,16345.5,New,Cash
518,1519,2025-09-23,Pune,Groceries,Oil,1,155.06,155.06,Returning,Net Banking
519,1520,2025-06-15,Chennai,Home,Bedsheet,1,986.51,986.51,Returning,Cash
520,1521,2025-12-01,Chennai,Clothing,Jacket,7,2919.18,20434.26,Returning,Net Banking
521,1522,2025-06-26,Vizag,Clothing,Shirt,7,1164.7,8152.9,Returning,UPI
522,1523,2025-09-21,Delhi,Clothing,Jacket,3,2837.99,8513.97,New,Card
523,1524,2025-03-02,Mumbai,Clothing,Jeans,6,1530.61,9183.66,Returning,Cash
524,1525,2025-10-30,Bangalore,Electronics,Monitor,8,11949.65,95597.2,Returning,UPI
525,1526,2025-03-24,Bangalore,Clothing,T-Shirt,3,608.82,1826.46,New,Card
526,1527,2025-09-22,Kolkata,Electronics,Keyboard,5,1301.39,6506.95,New,Cash
527,1528,2025-08-30,Vizag,Electronics,Keyboard,8,1225.57,9804.56,New,Card
528,1529,2025-04-04,Delhi,Home,Table,3,5294.62,15883.86,New,Cash
529,1530,2025-07-17,Bangalore,Home,Table,2,4729.81,9459.62,New,UPI
530,1531,2025-11-07,Chennai,Clothing,Shirt,7,1278.36,8948.52,New,Net Banking
531,1532,2025-12-04,Bangalore,Electronics,Webcam,2,3215.23,6430.46,New,Net Banking
532,1533,2025-08-08,Mumbai,Home,Lamp,1,727.67,727.67,Returning,Net Banking
533,1534,2025-05-11,Vizag,Groceries,Biscuits,2,39.4,78.8,New,UPI
534,1535,2025-01-03,Hyderabad,Groceries,Biscuits,7,38.06,266.42,New,UPI
535,1536,2025-02-24,Bangalore,Home,Pillow,6,490.88,2945.28,Returning,Cash
536,1537,2025-11-10,Delhi,Groceries,Biscuits,7,40.52,283.64,Returning,Card
537,1538,2025-10-14,Vizag,Home,Table,8,4678.72,37429.76,Returning,Cash
538,1539,2025-12-04,Chennai,Groceries,Dal,3,128.52,385.56,New,Net Banking
539,1540,2025-06-23,Hyderabad,Clothing,T-Shirt,4,601.0,2404.0,New,Net Banking
540,1541,2025-11-04,Kolkata,Electronics,Mouse,3,497.17,1491.51,New,UPI
541,1542,2025-01-20,Kolkata,Groceries,Oil,6,137.4,824.4,Returning,Cash
542,1543,2025-04-14,Delhi,Electronics,Keyboard,8,1185.35,9482.8,New,UPI
543,1544,2025-07-04,Mumbai,Clothing,Shirt,3,1241.77,3725.31,New,Card
544,1545,2025-07-22,Kolkata,Electronics,Headphones,7,1941.25,13588.75,New,UPI
545,1546,2025-10-14,Pune,Electronics,Mouse,5,522.61,2613.05,Returning,Cash
546,1547,2025-07-26,Hyderabad,Clothing,Shirt,4,1189.14,4756.56,Returning,Card
547,1548,2025-09-15,Delhi,Home,Table,2,5058.63,10117.26,Returning,UPI
548,1549,2025-07-13,Vizag,Groceries,Biscuits,5,41.55,207.75,New,Cash
549,1550,2025-05-13,Chennai,Home,Chair,1,2490.99,2490.99,Returning,Card
550,1551,2025-09-22,Hyderabad,Clothing,Shoes,7,2727.72,19094.04,Returning,Card
551,1552,2025-06-25,Chennai,Groceries,Rice,7,82.78,579.46,New,Net Banking
552,1553,2025-05-18,Bangalore,Groceries,Sugar,4,53.94,215.76,New,Net Banking
553,1554,2025-04-16,Mumbai,Clothing,Jeans,4,1611.82,6447.28,New,Card
554,1555,2025-02-10,Vizag,Groceries,Oil,2,138.6,277.2,New,UPI
555,1556,2025-10-22,Delhi,Home,Lamp,6,698.93,4193.58,Returning,Card
556,1557,2025-03-07,Hyderabad,Groceries,Dal,4,126.0,504.0,Returning,Net Banking
557,1558,2025-12-18,Bangalore,Electronics,Webcam,6,3425.6,20553.6,Returning,UPI
558,1559,2025-04-18,Kolkata,Home,Lamp,1,631.65,631.65,New,Cash
559,1560,2025-05-15,Mumbai,Groceries,Biscuits,5,37.5,187.5,Returning,Net Banking
560,1561,2025-04-18,Kolkata,Groceries,Sugar,3,49.99,149.97,Returning,Cash
561,1562,2025-03-09,Mumbai,Home,Lamp,8,655.18,5241.44,New,Cash
562,1563,2025-04-11,Bangalore,Clothing,Shirt,7,1285.51,8998.57,New,Net Banking
563,1564,2025-11-19,Pune,Electronics,Keyboard,7,1199.9,8399.3,Returning,Cash
564,1565,2025-12-20,Bangalore,Groceries,Biscuits,1,39.19,39.19,New,Card
565,1566,2025-06-21,Delhi,Groceries,Dal,2,118.8,237.6,Returning,Cash
566,1567,2025-06-29,Mumbai,Groceries,Sugar,1,49.12,49.12,New,Cash
567,1568,2025-08-17,Chennai,Groceries,Sugar,8,52.75,422.0,Returning,Cash
568,1569,2025-06-22,Kolkata,Home,Pillow,3,514.06,1542.18,Returning,UPI
569,1570,2025-06-12,Delhi,Electronics,Keyboard,6,1134.77,6808.62,Returning,Net Banking
570,1571,2025-09-24,Vizag,Groceries,Dal,6,125.95,755.7,Returning,Card
571,1572,2025-12-05,Delhi,Clothing,T-Shirt,3,627.33,1881.99,New,Card
572,1573,2025-08-31,Hyderabad,Clothing,Jacket,2,2757.33,5514.66,New,Net Banking
573,1574,2025-02-13,Kolkata,Electronics,Mouse,5,511.81,2559.05,Returning,Card
574,1575,2025-03-09,Bangalore,Clothing,Shoes,8,2563.24,20505.92,New,UPI
575,1576,2025-10-04,Delhi,Groceries,Sugar,8,49.67,397.36,Returning,Card
576,1577,2025-11-22,Kolkata,Clothing,Shirt,8,1231.45,9851.6,Returning,Cash
577,1578,2025-08-15,Delhi,Home,Table,4,5304.71,21218.84,Returning,Net Banking
578,1579,2025-09-25,Bangalore,Groceries,Oil,5,135.32,676.6,Returning,Cash
579,1580,2025-09-09,Vizag,Home,Table,1,5187.77,5187.77,Returning,UPI
580,1581,2025-10-08,Pune,Home,Lamp,4,741.55,2966.2,New,Net Banking
581,1582,2025-11-27,Kolkata,Home,Chair,4,2331.63,9326.52,Returning,Card
582,1583,2025-09-22,Delhi,Groceries,Rice,7,82.01,574.07,Returning,Cash
583,1584,2025-05-29,Chennai,Home,Pillow,2,468.24,936.48,Returning,Net Banking
584,1585,2025-01-10,Bangalore,Groceries,Biscuits,8,37.5,300.0,New,UPI
585,1586,2025-08-13,Hyderabad,Clothing,T-Shirt,5,572.3,2861.5,New,UPI
586,1587,2025-08-04,Delhi,Clothing,T-Shirt,8,566.06,4528.48,Returning,Cash
587,1588,2025-03-16,Hyderabad,Home,Bedsheet,6,824.44,4946.64,Returning,Net Banking
588,1589,2025-05-09,Kolkata,Electronics,Webcam,8,3277.12,26216.96,New,UPI
589,1590,2025-01-18,Mumbai,Clothing,Jacket,8,2848.3,22786.4,Returning,UPI
590,1591,2025-06-09,Pune,Clothing,Jacket,7,3108.87,21762.09,New,UPI
591,1592,2025-04-12,Pune,Electronics,Headphones,8,2055.41,16443.28,New,Card
592,1593,2025-03-27,Delhi,Electronics,Keyboard,7,1157.88,8105.16,New,Net Banking
593,1594,2025-12-20,Vizag,Clothing,T-Shirt,1,609.73,609.73,New,Cash
594,1595,2025-12-18,Pune,Electronics,Keyboard,3,1199.98,3599.94,New,UPI
595,1596,2025-04-30,Pune,Groceries,Oil,2,138.77,277.54,Returning,Net Banking
596,1597,2025-03-10,Delhi,Clothing,T-Shirt,7,582.98,4080.86,New,Net Banking
597,1598,2025-09-08,Mumbai,Home,Table,5,5042.73,25213.65,New,Cash
598,1599,2025-11-03,Bangalore,Groceries,Dal,5,128.82,644.1,New,Card
599,1600,2025-08-21,Hyderabad,Home,Lamp,5,705.82,3529.1,Returning,Card
600,1601,2025-05-03,Pune,Electronics,Webcam,6,3693.21,22159.26,New,Net Banking
601,1602,2025-03-20,Delhi,Clothing,Shirt,8,1263.78,10110.24,Returning,Net Banking
602,1603,2025-02-04,Hyderabad,Groceries,Rice,2,80.37,160.74,New,Card
603,1604,2025-02-20,Hyderabad,Electronics,Keyboard,2,1196.49,2392.98,Returning,Net Banking
604,1605,2025-02-06,Hyderabad,Groceries,Rice,6,75.53,453.18,New,Net Banking
605,1606,2025-08-01,Pune,Electronics,Monitor,1,11666.22,11666.22,New,Cash
606,1607,2025-04-21,Chennai,Electronics,Mouse,5,457.79,2288.95,New,Card
607,1608,2025-05-08,Bangalore,Home,Pillow,4,502.62,2010.48,Returning,UPI
608,1609,2025-03-27,Bangalore,Groceries,Dal,7,129.19,904.33,Returning,Cash
609,1610,2025-06-11,Pune,Clothing,Shirt,8,1304.04,10432.32,Returning,Net Banking
610,1611,2025-04-20,Kolkata,Home,Lamp,4,708.84,2835.36,Returning,Cash
611,1612,2025-01-18,Delhi,Home,Chair,7,2250.1,15750.7,New,Card
612,1613,2025-04-20,Pune,Groceries,Rice,5,87.75,438.75,New,Cash
613,1614,2025-03-21,Bangalore,Clothing,T-Shirt,1,595.24,595.24,Returning,Cash
614,1615,2025-02-17,Kolkata,Clothing,Jeans,5,1593.32,7966.6,New,UPI
615,1616,2025-12-20,Chennai,Groceries,Dal,3,119.72,359.16,Returning,UPI
616,1617,2025-06-21,Pune,Home,Bedsheet,1,975.94,975.94,Returning,Net Banking
617,1618,2025-11-20,Kolkata,Electronics,Keyboard,1,1232.13,1232.13,New,Cash
618,1619,2025-12-24,Mumbai,Electronics,Headphones,3,1930.73,5792.19,New,UPI
619,1620,2025-05-29,Kolkata,Home,Chair,2,2361.04,4722.08,New,Card
620,1621,2025-01-26,Kolkata,Groceries,Rice,8,81.14,649.12,Returning,UPI
621,1622,2025-03-08,Bangalore,Home,Table,7,5273.83,36916.81,Returning,Card
622,1623,2025-09-26,Mumbai,Home,Chair,4,2530.58,10122.32,New,UPI
623,1624,2025-10-22,Chennai,Groceries,Dal,6,124.43,746.58,New,Net Banking
624,1625,2025-06-26,Hyderabad,Home,Lamp,6,656.67,3940.02,Returning,Card
625,1626,2025-08-14,Hyderabad,Groceries,Biscuits,8,40.99,327.92,New,Card
626,1627,2025-01-28,Mumbai,Groceries,Oil,2,138.37,276.74,New,Cash
627,1628,2025-08-30,Hyderabad,Electronics,Headphones,2,1922.05,3844.1,Returning,Card
628,1629,2025-11-15,Bangalore,Clothing,Jeans,5,1514.64,7573.2,New,Net Banking
629,1630,2025-04-13,Delhi,Electronics,Headphones,3,1824.04,5472.12,New,Net Banking
630,1631,2025-12-06,Pune,Electronics,Mouse,7,516.04,3612.28,New,UPI
631,1632,2025-09-18,Chennai,Groceries,Dal,4,131.52,526.08,Returning,Net Banking
632,1633,2025-08-23,Hyderabad,Electronics,Keyboard,4,1200.16,4800.64,New,Card
633,1634,2025-03-22,Hyderabad,Groceries,Sugar,8,48.93,391.44,Returning,Cash
634,1635,2025-09-14,Delhi,Groceries,Sugar,4,54.96,219.84,New,Cash
635,1636,2025-06-24,Kolkata,Home,Bedsheet,5,850.6,4253.0,New,UPI
636,1637,2025-10-21,Bangalore,Home,Table,4,4917.33,19669.32,Returning,Cash
637,1638,2025-03-12,Mumbai,Groceries,Dal,3,112.96,338.88,New,Cash
638,1639,2025-10-17,Bangalore,Clothing,Jacket,3,3093.74,9281.22,Returning,UPI
639,1640,2025-03-16,Hyderabad,Electronics,Keyboard,6,1281.49,7688.94,Returning,Net Banking
640,1641,2025-11-23,Delhi,Home,Lamp,8,734.39,5875.12,New,Card
641,1642,2025-11-10,Delhi,Electronics,Keyboard,3,1086.29,3258.87,New,Card
642,1643,2025-09-02,Bangalore,Clothing,T-Shirt,6,549.54,3297.24,Returning,Cash
643,1644,2025-03-25,Mumbai,Clothing,Jacket,8,2984.31,23874.48,New,UPI
644,1645,2025-04-24,Mumbai,Home,Bedsheet,5,981.04,4905.2,New,UPI
645,1646,2025-08-23,Mumbai,Clothing,Jacket,8,3112.72,24901.76,Returning,Net Banking
646,1647,2025-07-21,Hyderabad,Electronics,Webcam,7,3654.14,25578.98,New,Net Banking
647,1648,2025-07-22,Hyderabad,Home,Bedsheet,4,903.37,3613.48,Returning,UPI
648,1649,2025-06-05,Delhi,Clothing,Shoes,8,2449.02,19592.16,Returning,Card
649,1650,2025-03-14,Vizag,Home,Lamp,1,726.59,726.59,Returning,UPI
650,1651,2025-06-15,Vizag,Electronics,Keyboard,3,1174.34,3523.02,New,Card
651,1652,2025-02-16,Delhi,Home,Table,4,5382.55,21530.2,Returning,Card
652,1653,2025-11-21,Pune,Electronics,Mouse,2,520.62,1041.24,New,Net Banking
653,1654,2025-03-29,Pune,Clothing,Jacket,7,2726.34,19084.38,New,Card
654,1655,2025-06-08,Vizag,Clothing,Jeans,1,1475.87,1475.87,Returning,Card
655,1656,2025-05-10,Hyderabad,Electronics,Keyboard,4,1080.85,4323.4,Returning,Net Banking
656,1657,2025-09-10,Mumbai,Home,Table,1,5107.98,5107.98,New,Net Banking
657,1658,2025-11-04,Hyderabad,Home,Chair,8,2289.7,18317.6,New,Cash
658,1659,2025-12-01,Pune,Clothing,T-Shirt,3,557.79,1673.37,New,Card
659,1660,2025-02-14,Hyderabad,Electronics,Webcam,5,3381.78,16908.9,New,Net Banking
660,1661,2025-12-21,Bangalore,Clothing,Jeans,5,1533.33,7666.65,Returning,Cash
661,1662,2025-07-14,Chennai,Electronics,Mouse,5,482.28,2411.4,Returning,UPI
662,1663,2025-05-21,Pune,Groceries,Dal,3,110.93,332.79,Returning,Card
663,1664,2025-11-19,Chennai,Clothing,Shirt,1,1106.23,1106.23,Returning,Cash
664,1665,2025-10-22,Pune,Home,Table,6,4759.66,28557.96,New,Net Banking
665,1666,2025-04-30,Delhi,Home,Chair,3,2691.83,8075.49,New,UPI
666,1667,2025-03-02,Mumbai,Electronics,Mouse,8,512.55,4100.4,Returning,Net Banking
667,1668,2025-11-23,Mumbai,Electronics,Headphones,6,2024.17,12145.02,New,Card
668,1669,2025-09-17,Pune,Groceries,Sugar,2,48.08,96.16,New,UPI
669,1670,2025-11-12,Hyderabad,Groceries,Sugar,7,52.24,365.68,New,Card
670,1671,2025-01-19,Bangalore,Groceries,Sugar,8,54.16,433.28,Returning,Card
671,1672,2025-07-31,Hyderabad,Home,Table,6,4962.47,29774.82,Returning,Cash
672,1673,2025-07-01,Chennai,Electronics,Keyboard,6,1271.89,7631.34,New,Cash
673,1674,2025-03-26,Kolkata,Electronics,Headphones,7,2050.6,14354.2,New,UPI
674,1675,2025-02-14,Vizag,Groceries,Sugar,1,47.71,47.71,New,Cash
675,1676,2025-03-31,Chennai,Home,Lamp,4,703.51,2814.04,Returning,UPI
676,1677,2025-09-05,Bangalore,Clothing,T-Shirt,8,600.72,4805.76,New,Cash
677,1678,2025-03-15,Chennai,Home,Table,5,5275.53,26377.65,New,Card
678,1679,2025-09-25,Chennai,Electronics,Monitor,7,12512.83,87589.81,New,Cash
679,1680,2025-01-24,Chennai,Electronics,Webcam,2,3383.3,6766.6,Returning,UPI
680,1681,2025-05-27,Delhi,Groceries,Oil,6,141.02,846.12,Returning,Net Banking
681,1682,2025-02-28,Hyderabad,Electronics,Headphones,3,1863.0,5589.0,New,Card
682,1683,2025-12-27,Delhi,Groceries,Biscuits,6,38.17,229.02,New,Card
683,1684,2025-01-26,Bangalore,Electronics,Headphones,6,2016.23,12097.38,New,Net Banking
684,1685,2025-08-07,Kolkata,Electronics,Mouse,7,455.38,3187.66,New,Net Banking
685,1686,2025-12-10,Chennai,Groceries,Sugar,6,53.17,319.02,Returning,Card
686,1687,2025-12-17,Vizag,Electronics,Monitor,2,11893.4,23786.8,Returning,Card
687,1688,2025-07-20,Bangalore,Clothing,Jeans,5,1623.86,8119.3,Returning,Cash
688,1689,2025-02-27,Pune,Home,Chair,1,2282.68,2282.68,Returning,Net Banking
689,1690,2025-03-07,Chennai,Clothing,Shoes,6,2552.22,15313.32,Returning,UPI
690,1691,2025-09-30,Vizag,Groceries,Biscuits,2,42.34,84.68,Returning,Net Banking
691,1692,2025-09-04,Kolkata,Clothing,Shirt,4,1211.51,4846.04,New,Cash
692,1693,2025-08-11,Pune,Clothing,Shirt,7,1268.24,8877.68,New,Card
693,1694,2025-11-02,Vizag,Electronics,Webcam,8,3230.03,25840.24,Returning,UPI
694,1695,2025-02-05,Chennai,Home,Pillow,5,545.59,2727.95,Returning,Cash
695,1696,2025-03-13,Hyderabad,Home,Bedsheet,2,849.17,1698.34,New,Card
696,1697,2025-10-23,Vizag,Home,Table,5,4889.98,24449.9,New,Card
697,1698,2025-08-11,Pune,Groceries,Sugar,5,54.19,270.95,New,UPI
698,1699,2025-10-09,Hyderabad,Home,Pillow,5,456.24,2281.2,New,Cash
699,1700,2025-12-26,Kolkata,Electronics,Headphones,1,1894.1,1894.1,Returning,Net Banking
700,1701,2025-12-06,Bangalore,Home,Chair,7,2522.56,17657.92,Returning,Card
701,1702,2025-07-04,Kolkata,Clothing,Shirt,7,1282.4,8976.8,New,Cash
702,1703,2025-01-09,Bangalore,Clothing,Jeans,1,1371.52,1371.52,Returning,Net Banking
703,1704,2025-08-01,Vizag,Clothing,T-Shirt,3,617.07,1851.21,Returning,Card
704,1705,2025-08-19,Kolkata,Home,Table,7,5052.05,35364.35,Returning,Card
705,1706,2025-05-02,Delhi,Clothing,Jacket,1,3046.76,3046.76,Returning,Cash
706,1707,2025-02-27,Vizag,Electronics,Mouse,8,520.49,4163.92,New,Card
707,1708,2025-11-09,Chennai,Groceries,Dal,2,120.56,241.12,New,Net Banking
708,1709,2025-06-25,Hyderabad,Electronics,Webcam,5,3579.13,17895.65,Returning,Net Banking
709,1710,2025-05-31,Delhi,Home,Table,6,4921.02,29526.12,New,UPI
710,1711,2025-08-31,Bangalore,Groceries,Biscuits,5,36.49,182.45,New,Cash
711,1712,2025-09-16,Chennai,Electronics,Headphones,8,1833.0,14664.0,Returning,Cash
712,1713,2025-05-12,Hyderabad,Clothing,Shirt,5,1146.05,5730.25,New,Card
713,1714,2025-05-14,Mumbai,Clothing,Jacket,6,3184.7,19108.2,Returning,Card
714,1715,2025-11-01,Bangalore,Electronics,Headphones,2,2186.94,4373.88,Returning,Net Banking
715,1716,2025-03-27,Mumbai,Home,Pillow,8,522.6,4180.8,Returning,UPI
716,1717,2025-07-24,Vizag,Groceries,Rice,1,74.68,74.68,Returning,Net Banking
717,1718,2025-03-16,Kolkata,Clothing,Jacket,7,2984.75,20893.25,New,Cash
718,1719,2025-12-16,Hyderabad,Home,Chair,6,2730.88,16385.28,New,Cash
719,1720,2025-05-17,Chennai,Home,Table,5,4834.97,24174.85,Returning,Net Banking
720,1721,2025-12-13,Bangalore,Home,Pillow,4,502.0,2008.0,Returning,UPI
721,1722,2025-09-26,Chennai,Electronics,Mouse,1,491.12,491.12,Returning,Cash
722,1723,2025-01-13,Chennai,Clothing,Shoes,5,2346.54,11732.7,New,Card
723,1724,2025-03-08,Kolkata,Electronics,Mouse,2,535.64,1071.28,New,UPI
724,1725,2025-02-08,Vizag,Clothing,Shoes,5,2483.48,12417.4,Returning,Net Banking
725,1726,2025-05-22,Hyderabad,Groceries,Sugar,3,52.81,158.43,Returning,Net Banking
726,1727,2025-05-16,Bangalore,Groceries,Rice,5,87.29,436.45,Returning,UPI
727,1728,2025-09-09,Chennai,Home,Pillow,7,467.84,3274.88,New,Net Banking
728,1729,2025-05-13,Chennai,Clothing,Shirt,2,1299.03,2598.06,New,UPI
729,1730,2025-01-10,Vizag,Electronics,Webcam,5,3694.07,18470.35,New,UPI
730,1731,2025-06-18,Kolkata,Electronics,Monitor,5,11163.86,55819.3,New,Net Banking
731,1732,2025-02-05,Mumbai,Home,Chair,7,2672.02,18704.14,New,Net Banking
732,1733,2025-06-05,Kolkata,Home,Bedsheet,6,870.02,5220.12,New,UPI
733,1734,2025-08-24,Delhi,Groceries,Biscuits,6,36.64,219.84,New,Card
734,1735,2025-07-19,Chennai,Electronics,Monitor,4,11517.29,46069.16,Returning,Net Banking
735,1736,2025-04-09,Hyderabad,Electronics,Monitor,4,11135.86,44543.44,New,Net Banking
736,1737,2025-08-19,Hyderabad,Home,Bedsheet,5,899.94,4499.7,New,Cash
737,1738,2025-04-19,Vizag,Electronics,Headphones,1,1962.2,1962.2,New,Card
738,1739,2025-01-10,Vizag,Electronics,Mouse,3,498.89,1496.67,New,Card
739,1740,2025-06-07,Chennai,Clothing,T-Shirt,3,615.92,1847.76,Returning,Card
740,1741,2025-11-12,Mumbai,Electronics,Mouse,2,499.71,999.42,New,Card
741,1742,2025-12-17,Bangalore,Home,Lamp,7,675.39,4727.73,Returning,Card
742,1743,2025-03-03,Delhi,Electronics,Webcam,3,3384.85,10154.55,New,Net Banking
743,1744,2025-10-25,Hyderabad,Clothing,Shoes,3,2469.33,7407.99,New,UPI
744,1745,2025-02-11,Hyderabad,Home,Pillow,1,537.96,537.96,New,Card
745,1746,2025-09-01,Bangalore,Electronics,Webcam,5,3441.36,17206.8,New,Card
746,1747,2025-03-31,Hyderabad,Groceries,Biscuits,8,39.3,314.4,New,Net Banking
747,1748,2025-10-13,Mumbai,Electronics,Headphones,6,1967.51,11805.06,New,UPI
748,1749,2025-10-04,Mumbai,Electronics,Webcam,6,3753.91,22523.46,New,Card
749,1750,2025-03-18,Vizag,Groceries,Rice,4,73.8,295.2,Returning,Card
750,1751,2025-05-26,Mumbai,Clothing,T-Shirt,1,617.38,617.38,Returning,Cash
751,1752,2025-01-27,Bangalore,Groceries,Biscuits,8,36.35,290.8,New,UPI
752,1753,2025-05-01,Vizag,Home,Table,2,4570.86,9141.72,Returning,Net Banking
753,1754,2025-06-16,Mumbai,Clothing,Shoes,4,2639.49,10557.96,New,Card
754,1755,2025-02-07,Vizag,Home,Pillow,7,539.14,3773.98,Returning,UPI
755,1756,2025-08-21,Bangalore,Home,Pillow,4,542.79,2171.16,Returning,Cash
756,1757,2025-05-19,Mumbai,Clothing,Jacket,4,3079.21,12316.84,Returning,Card
757,1758,2025-02-26,Vizag,Electronics,Webcam,1,3346.42,3346.42,Returning,Net Banking
758,1759,2025-11-06,Bangalore,Clothing,Shoes,4,2693.2,10772.8,New,Card
759,1760,2025-04-21,Vizag,Electronics,Monitor,8,12869.28,102954.24,Returning,Cash
760,1761,2025-08-11,Mumbai,Electronics,Monitor,4,11394.8,45579.2,New,UPI
761,1762,2025-09-16,Hyderabad,Home,Bedsheet,1,988.43,988.43,Returning,Net Banking
762,1763,2025-02-12,Hyderabad,Home,Bedsheet,8,899.15,7193.2,Returning,Card
763,1764,2025-02-16,Hyderabad,Clothing,Shoes,5,2369.53,11847.65,Returning,Cash
764,1765,2025-08-26,Bangalore,Clothing,Jacket,1,3285.85,3285.85,Returning,Card
765,1766,2025-02-06,Kolkata,Groceries,Dal,1,128.65,128.65,Returning,UPI
766,1767,2025-11-10,Mumbai,Groceries,Dal,5,124.75,623.75,New,Cash
767,1768,2025-02-26,Kolkata,Electronics,Webcam,6,3771.58,22629.48,Returning,Net Banking
768,1769,2025-10-14,Chennai,Electronics,Headphones,6,1870.11,11220.66,New,Card
769,1770,2025-10-25,Mumbai,Groceries,Oil,2,154.47,308.94,New,Cash
770,1771,2025-02-02,Pune,Groceries,Sugar,7,47.77,334.39,Returning,Net Banking
771,1772,2025-09-30,Delhi,Home,Table,2,4970.16,9940.32,Returning,Cash
772,1773,2025-07-20,Bangalore,Electronics,Keyboard,8,1100.95,8807.6,Returning,UPI
773,1774,2025-03-17,Vizag,Electronics,Keyboard,5,1106.89,5534.45,New,Card
774,1775,2025-10-05,Bangalore,Electronics,Headphones,7,2187.83,15314.81,Returning,Cash
775,1776,2025-02-02,Hyderabad,Home,Chair,1,2395.76,2395.76,New,Cash
776,1777,2025-06-17,Vizag,Home,Table,6,5155.76,30934.56,Returning,Net Banking
777,1778,2025-06-06,Bangalore,Groceries,Biscuits,3,43.19,129.57,Returning,Card
778,1779,2025-01-25,Bangalore,Home,Lamp,5,737.76,3688.8,Returning,Cash
779,1780,2025-05-27,Bangalore,Home,Pillow,3,521.18,1563.54,New,Card
780,1781,2025-06-12,Bangalore,Clothing,Jeans,2,1362.35,2724.7,Returning,Cash
781,1782,2025-01-18,Pune,Groceries,Oil,4,151.87,607.48,Returning,Card
782,1783,2025-03-04,Hyderabad,Groceries,Dal,3,120.81,362.43,Returning,Net Banking
783,1784,2025-10-07,Pune,Clothing,Jacket,6,2793.63,16761.78,Returning,Net Banking
784,1785,2025-08-15,Pune,Groceries,Biscuits,3,42.4,127.2,New,Net Banking
785,1786,2025-07-25,Mumbai,Electronics,Keyboard,2,1153.94,2307.88,Returning,Cash
786,1787,2025-04-10,Mumbai,Electronics,Headphones,1,2043.26,2043.26,Returning,Card
787,1788,2025-02-14,Kolkata,Electronics,Mouse,8,517.71,4141.68,New,Net Banking
788,1789,2025-07-04,Kolkata,Groceries,Biscuits,1,43.27,43.27,New,Net Banking
789,1790,2025-06-26,Pune,Groceries,Dal,6,108.29,649.74,Returning,Net Banking
790,1791,2025-08-01,Vizag,Electronics,Keyboard,8,1257.97,10063.76,Returning,Card
791,1792,2025-11-03,Chennai,Home,Chair,3,2667.76,8003.28,New,Card
792,1793,2025-10-30,Kolkata,Groceries,Dal,6,109.59,657.54,New,UPI
793,1794,2025-08-25,Bangalore,Home,Lamp,7,654.49,4581.43,New,Card
794,1795,2025-06-04,Delhi,Home,Lamp,8,635.91,5087.28,Returning,Net Banking
795,1796,2025-06-03,Vizag,Clothing,T-Shirt,1,558.48,558.48,New,Cash
796,1797,2025-11-27,Mumbai,Home,Pillow,8,540.68,4325.44,New,UPI
797,1798,2025-07-05,Vizag,Groceries,Dal,2,122.37,244.74,Returning,Cash
798,1799,2025-10-22,Hyderabad,Home,Bedsheet,6,902.25,5413.5,Returning,Card
799,1800,2025-12-21,Bangalore,Electronics,Keyboard,6,1190.65,7143.9,Returning,Card
800,1801,2025-07-02,Hyderabad,Electronics,Headphones,6,1967.81,11806.86,Returning,Cash
801,1802,2025-04-04,Chennai,Electronics,Webcam,4,3686.51,14746.04,New,Cash
802,1803,2025-12-19,Pune,Groceries,Sugar,5,51.85,259.25,New,Cash
803,1804,2025-07-10,Vizag,Clothing,T-Shirt,3,602.18,1806.54,Returning,Cash
804,1805,2025-04-24,Mumbai,Clothing,T-Shirt,4,558.55,2234.2,New,Net Banking
805,1806,2025-01-09,Vizag,Home,Bedsheet,2,957.39,1914.78,Returning,Cash
806,1807,2025-11-02,Pune,Groceries,Oil,8,161.69,1293.52,New,Cash
807,1808,2025-12-22,Bangalore,Electronics,Mouse,4,462.87,1851.48,New,Cash
808,1809,2025-08-06,Chennai,Clothing,Jeans,3,1644.33,4932.99,New,UPI
809,1810,2025-01-17,Hyderabad,Home,Chair,1,2348.18,2348.18,Returning,UPI
810,1811,2025-01-06,Chennai,Groceries,Rice,2,76.83,153.66,New,Card
811,1812,2025-03-16,Delhi,Clothing,Jeans,6,1358.78,8152.68,Returning,Cash
812,1813,2025-02-04,Chennai,Clothing,Shirt,4,1201.18,4804.72,New,Card
813,1814,2025-10-03,Hyderabad,Clothing,Shoes,3,2700.83,8102.49,New,Card
814,1815,2025-02-24,Bangalore,Home,Lamp,3,691.55,2074.65,Returning,Net Banking
815,1816,2025-06-10,Chennai,Home,Pillow,4,490.76,1963.04,Returning,UPI
816,1817,2025-10-13,Hyderabad,Clothing,Jacket,6,3122.84,18737.04,New,Cash
817,1818,2025-11-04,Delhi,Home,Bedsheet,7,861.05,6027.35,Returning,Card
818,1819,2025-02-05,Vizag,Home,Lamp,7,656.43,4595.01,Returning,Card
819,1820,2025-09-25,Chennai,Electronics,Monitor,2,11751.29,23502.58,New,Card
820,1821,2025-03-28,Chennai,Home,Chair,2,2620.72,5241.44,Returning,Card
821,1822,2025-08-06,Vizag,Groceries,Oil,7,138.68,970.76,Returning,Cash
822,1823,2025-07-27,Vizag,Home,Lamp,8,723.33,5786.64,Returning,Card
823,1824,2025-09-12,Mumbai,Home,Bedsheet,2,855.12,1710.24,New,UPI
824,1825,2025-01-14,Bangalore,Electronics,Mouse,2,499.81,999.62,Returning,Cash
825,1826,2025-12-05,Vizag,Clothing,Shoes,2,2630.09,5260.18,Returning,Card
826,1827,2025-10-05,Pune,Groceries,Dal,8,120.12,960.96,New,UPI
827,1828,2025-07-12,Vizag,Home,Bedsheet,7,891.02,6237.14,Returning,UPI
828,1829,2025-03-26,Vizag,Electronics,Keyboard,5,1292.33,6461.65,Returning,Card
829,1830,2025-10-19,Vizag,Groceries,Dal,8,126.34,1010.72,Returning,Net Banking
830,1831,2025-09-11,Kolkata,Clothing,Shirt,1,1173.93,1173.93,Returning,Cash
831,1832,2025-03-07,Pune,Groceries,Rice,1,81.45,81.45,Returning,UPI
832,1833,2025-07-02,Kolkata,Groceries,Dal,2,118.28,236.56,Returning,UPI
833,1834,2025-10-31,Chennai,Clothing,Jeans,4,1544.42,6177.68,New,Cash
834,1835,2025-06-16,Hyderabad,Electronics,Headphones,3,1807.88,5423.64,Returning,Net Banking
835,1836,2025-10-29,Hyderabad,Home,Lamp,1,727.43,727.43,Returning,Net Banking
836,1837,2025-02-21,Mumbai,Home,Lamp,2,743.17,1486.34,Returning,Net Banking
837,1838,2025-08-12,Mumbai,Groceries,Oil,5,145.9,729.5,Returning,UPI
838,1839,2025-10-21,Kolkata,Clothing,Shoes,5,2273.77,11368.85,New,UPI
839,1840,2025-10-18,Vizag,Electronics,Webcam,6,3341.36,20048.16,Returning,Card
840,1841,2025-06-03,Kolkata,Groceries,Rice,5,80.07,400.35,Returning,Card
841,1842,2025-08-21,Bangalore,Home,Chair,5,2562.48,12812.4,New,Card
842,1843,2025-11-23,Kolkata,Home,Pillow,8,476.79,3814.32,New,Card
843,1844,2025-12-17,Delhi,Groceries,Dal,3,113.77,341.31,New,Net Banking
844,1845,2025-05-17,Delhi,Groceries,Rice,4,85.54,342.16,New,Cash
845,1846,2025-04-09,Hyderabad,Clothing,Jacket,4,2768.14,11072.56,New,Cash
846,1847,2025-01-19,Mumbai,Home,Chair,7,2461.01,17227.07,New,Cash
847,1848,2025-05-23,Bangalore,Clothing,T-Shirt,5,634.76,3173.8,New,Net Banking
848,1849,2025-06-02,Chennai,Electronics,Mouse,2,481.39,962.78,Returning,Cash
849,1850,2025-10-20,Chennai,Electronics,Monitor,3,11366.5,34099.5,Returning,Net Banking
850,1851,2025-06-10,Pune,Electronics,Keyboard,2,1265.57,2531.14,Returning,Card
851,1852,2025-04-20,Delhi,Home,Pillow,3,460.68,1382.04,Returning,Net Banking
852,1853,2025-07-11,Chennai,Groceries,Biscuits,1,39.92,39.92,Returning,Net Banking
853,1854,2025-03-16,Pune,Home,Pillow,5,537.94,2689.7,Returning,Cash
854,1855,2025-12-06,Hyderabad,Groceries,Rice,1,85.46,85.46,New,Cash
855,1856,2025-12-17,Chennai,Home,Lamp,6,756.44,4538.64,New,Net Banking
856,1857,2025-05-11,Delhi,Home,Bedsheet,7,976.95,6838.65,New,Card
857,1858,2025-11-20,Pune,Groceries,Oil,3,162.48,487.44,Returning,UPI
858,1859,2025-07-31,Pune,Groceries,Rice,8,79.54,636.32,Returning,UPI
859,1860,2025-11-05,Pune,Clothing,Shoes,2,2425.93,4851.86,Returning,UPI
860,1861,2025-03-11,Hyderabad,Electronics,Keyboard,8,1269.84,10158.72,Returning,Card
861,1862,2025-05-08,Bangalore,Groceries,Sugar,2,46.11,92.22,Returning,Cash
862,1863,2025-12-18,Pune,Home,Chair,3,2380.34,7141.02,Returning,Card
863,1864,2025-07-13,Mumbai,Electronics,Monitor,6,11236.53,67419.18,New,UPI
864,1865,2025-12-26,Bangalore,Clothing,T-Shirt,8,563.79,4510.32,New,Net Banking
865,1866,2025-07-08,Bangalore,Home,Table,5,4649.25,23246.25,New,UPI
866,1867,2025-04-15,Mumbai,Home,Chair,8,2309.26,18474.08,Returning,Cash
867,1868,2025-04-16,Mumbai,Home,Chair,3,2465.65,7396.95,Returning,Card
868,1869,2025-01-15,Delhi,Home,Pillow,7,529.25,3704.75,Returning,Card
869,1870,2025-11-28,Vizag,Home,Pillow,6,508.29,3049.74,New,UPI
870,1871,2025-07-23,Mumbai,Home,Pillow,6,547.44,3284.64,Returning,Net Banking
871,1872,2025-01-27,Pune,Groceries,Rice,2,80.91,161.82,New,Net Banking
872,1873,2025-09-16,Kolkata,Groceries,Biscuits,1,36.04,36.04,Returning,Net Banking
873,1874,2025-05-14,Bangalore,Groceries,Oil,1,152.41,152.41,Returning,Cash
874,1875,2025-09-29,Kolkata,Home,Pillow,2,481.73,963.46,New,Cash
875,1876,2025-09-13,Delhi,Electronics,Headphones,1,2191.41,2191.41,Returning,Net Banking
876,1877,2025-08-12,Bangalore,Groceries,Sugar,5,50.17,250.85,Returning,Net Banking
877,1878,2025-03-18,Hyderabad,Clothing,Shirt,8,1092.77,8742.16,New,Card
878,1879,2025-08-28,Kolkata,Electronics,Monitor,5,11192.53,55962.65,New,Net Banking
879,1880,2025-10-15,Vizag,Electronics,Monitor,6,13173.16,79038.96,Returning,Net Banking
880,1881,2025-04-15,Delhi,Electronics,Keyboard,2,1163.91,2327.82,New,Card
881,1882,2025-01-03,Bangalore,Groceries,Biscuits,4,40.67,162.68,Returning,UPI
882,1883,2025-01-14,Delhi,Clothing,Jacket,2,3232.42,6464.84,New,Net Banking
883,1884,2025-03-20,Hyderabad,Groceries,Biscuits,2,42.7,85.4,New,Net Banking
884,1885,2025-01-03,Pune,Home,Chair,5,2547.1,12735.5,New,Net Banking
885,1886,2025-01-25,Delhi,Groceries,Biscuits,3,37.69,113.07,Returning,UPI
886,1887,2025-05-11,Bangalore,Electronics,Webcam,7,3214.79,22503.53,New,Net Banking
887,1888,2025-07-26,Delhi,Electronics,Mouse,4,466.29,1865.16,New,UPI
888,1889,2025-06-08,Bangalore,Groceries,Dal,7,125.66,879.62,Returning,UPI
889,1890,2025-07-18,Vizag,Groceries,Biscuits,4,39.92,159.68,Returning,Net Banking
890,1891,2025-08-11,Kolkata,Electronics,Monitor,6,12273.28,73639.68,New,UPI
891,1892,2025-03-21,Vizag,Groceries,Dal,4,123.54,494.16,New,Cash
892,1893,2025-09-02,Delhi,Home,Chair,2,2703.6,5407.2,New,Card
893,1894,2025-01-25,Chennai,Groceries,Oil,7,143.86,1007.02,New,UPI
894,1895,2025-10-19,Delhi,Home,Chair,2,2482.33,4964.66,Returning,Cash
895,1896,2025-12-05,Vizag,Electronics,Webcam,1,3229.75,3229.75,New,Card
896,1897,2025-12-27,Delhi,Home,Bedsheet,2,884.93,1769.86,Returning,Net Banking
897,1898,2025-04-06,Mumbai,Home,Table,5,4841.33,24206.65,New,UPI
898,1899,2025-01-03,Kolkata,Groceries,Rice,7,80.55,563.85,New,UPI
899,1900,2025-12-03,Vizag,Clothing,Jacket,8,3115.08,24920.64,Returning,Cash
900,1901,2025-01-08,Mumbai,Home,Lamp,2,647.51,1295.02,New,UPI
901,1902,2025-03-16,Mumbai,Clothing,T-Shirt,4,597.73,2390.92,Returning,Card
902,1903,2025-08-05,Hyderabad,Electronics,Headphones,8,1859.27,14874.16,New,Card
903,1904,2025-08-19,Mumbai,Clothing,Jacket,8,2982.89,23863.12,New,Cash
904,1905,2025-11-19,Kolkata,Home,Bedsheet,6,811.42,4868.52,Returning,Net Banking
905,1906,2025-09-20,Vizag,Groceries,Rice,8,78.39,627.12,New,UPI
906,1907,2025-05-18,Kolkata,Electronics,Monitor,6,12127.81,72766.86,Returning,UPI
907,1908,2025-08-12,Hyderabad,Home,Table,6,4948.33,29689.98,New,Cash
908,1909,2025-09-17,Mumbai,Clothing,Jacket,6,2962.87,17777.22,Returning,Net Banking
909,1910,2025-12-11,Pune,Clothing,Shoes,7,2729.9,19109.3,Returning,Card
910,1911,2025-03-08,Bangalore,Clothing,Shoes,2,2583.53,5167.06,New,Card
911,1912,2025-09-10,Delhi,Home,Bedsheet,7,979.75,6858.25,New,Card
912,1913,2025-07-02,Bangalore,Electronics,Mouse,6,538.09,3228.54,New,UPI
913,1914,2025-04-27,Chennai,Electronics,Headphones,7,1845.59,12919.13,New,Net Banking
914,1915,2025-10-13,Delhi,Groceries,Sugar,6,52.69,316.14,New,UPI
915,1916,2025-02-26,Chennai,Electronics,Monitor,8,13110.35,104882.8,New,UPI
916,1917,2025-07-05,Bangalore,Electronics,Keyboard,2,1289.01,2578.02,Returning,Net Banking
917,1918,2025-06-21,Bangalore,Home,Bedsheet,3,926.48,2779.44,New,Card
918,1919,2025-08-31,Pune,Home,Chair,1,2372.66,2372.66,Returning,Card
919,1920,2025-08-01,Pune,Electronics,Headphones,6,2086.08,12516.48,New,Card
920,1921,2025-07-31,Kolkata,Home,Pillow,3,530.18,1590.54,Returning,Cash
921,1922,2025-09-22,Chennai,Electronics,Monitor,3,12648.36,37945.08,New,Cash
922,1923,2025-07-21,Hyderabad,Groceries,Dal,3,118.42,355.26,New,UPI
923,1924,2025-12-25,Delhi,Groceries,Dal,7,129.26,904.82,Returning,Cash
924,1925,2025-08-17,Mumbai,Electronics,Headphones,3,2080.12,6240.36,Returning,Cash
925,1926,2025-10-03,Pune,Home,Pillow,5,458.43,2292.15,Returning,Card
926,1927,2025-06-09,Pune,Groceries,Oil,2,150.35,300.7,New,UPI
927,1928,2025-06-05,Kolkata,Electronics,Webcam,5,3318.94,16594.7,New,UPI
928,1929,2025-11-30,Chennai,Groceries,Sugar,6,46.24,277.44,Returning,Cash
929,1930,2025-10-25,Mumbai,Electronics,Monitor,6,13159.08,78954.48,Returning,Cash
930,1931,2025-09-24,Mumbai,Groceries,Biscuits,3,41.71,125.13,New,Cash
931,1932,2025-12-31,Kolkata,Clothing,Shoes,8,2298.99,18391.92,Returning,UPI
932,1933,2025-09-01,Mumbai,Electronics,Mouse,7,538.85,3771.95,Returning,UPI
933,1934,2025-09-23,Kolkata,Groceries,Biscuits,7,40.71,284.97,Returning,Net Banking
934,1935,2025-08-02,Bangalore,Home,Chair,8,2615.86,20926.88,New,Card
935,1936,2025-09-20,Chennai,Home,Chair,3,2734.02,8202.06,New,Net Banking
936,1937,2025-07-09,Chennai,Home,Bedsheet,3,979.93,2939.79,Returning,UPI
937,1938,2025-03-20,Chennai,Electronics,Headphones,5,1816.11,9080.55,Returning,Cash
938,1939,2025-03-15,Bangalore,Groceries,Sugar,5,49.86,249.3,Returning,UPI
939,1940,2025-09-08,Hyderabad,Groceries,Sugar,4,46.83,187.32,New,Cash
940,1941,2025-06-08,Vizag,Electronics,Mouse,7,498.12,3486.84,Returning,Net Banking
941,1942,2025-09-16,Vizag,Home,Table,3,5261.95,15785.85,Returning,Net Banking
942,1943,2025-12-07,Kolkata,Clothing,Shoes,2,2649.91,5299.82,Returning,Card
943,1944,2025-08-15,Delhi,Home,Lamp,1,764.13,764.13,New,Card
944,1945,2025-03-05,Chennai,Electronics,Webcam,5,3542.73,17713.65,New,UPI
945,1946,2025-09-30,Bangalore,Clothing,Jacket,1,2772.17,2772.17,New,Cash
946,1947,2025-10-01,Pune,Clothing,Jeans,8,1375.39,11003.12,Returning,UPI
947,1948,2025-08-01,Hyderabad,Home,Bedsheet,6,888.66,5331.96,Returning,Net Banking
948,1949,2025-10-05,Bangalore,Groceries,Rice,2,87.68,175.36,Returning,Card
949,1950,2025-07-28,Bangalore,Clothing,Shoes,2,2327.11,4654.22,New,Cash
950,1951,2025-02-20,Pune,Clothing,T-Shirt,1,575.76,575.76,New,Net Banking
951,1952,2025-03-03,Hyderabad,Groceries,Sugar,7,54.42,380.94,New,Card
952,1953,2025-05-18,Hyderabad,Clothing,Jacket,7,3269.61,22887.27,New,Net Banking
953,1954,2025-11-21,Mumbai,Home,Bedsheet,8,815.2,6521.6,New,Cash
954,1955,2025-07-28,Vizag,Electronics,Keyboard,3,1153.11,3459.33,New,Card
955,1956,2025-10-03,Kolkata,Clothing,Shoes,3,2641.01,7923.03,Returning,UPI
956,1957,2025-03-27,Hyderabad,Electronics,Monitor,5,12367.34,61836.7,New,Net Banking
957,1958,2025-07-14,Pune,Groceries,Biscuits,5,42.72,213.6,New,Cash
958,1959,2025-07-22,Chennai,Electronics,Keyboard,2,1152.15,2304.3,New,Cash
959,1960,2025-06-25,Delhi,Home,Pillow,6,538.39,3230.34,Returning,Cash
960,1961,2025-11-03,Pune,Clothing,Shoes,6,2355.31,14131.86,New,Card
961,1962,2025-01-05,Bangalore,Electronics,Webcam,8,3153.0,25224.0,Returning,Net Banking
962,1963,2025-11-29,Chennai,Home,Table,2,5287.31,10574.62,New,Net Banking
963,1964,2025-07-03,Kolkata,Electronics,Headphones,7,2130.99,14916.93,New,UPI
964,1965,2025-08-16,Hyderabad,Electronics,Monitor,6,13046.99,78281.94,New,UPI
965,1966,2025-11-11,Delhi,Groceries,Sugar,4,45.9,183.6,New,Card
966,1967,2025-12-27,Mumbai,Home,Lamp,1,669.31,669.31,New,Card
967,1968,2025-09-10,Bangalore,Home,Bedsheet,5,912.44,4562.2,New,Card
968,1969,2025-03-07,Delhi,Electronics,Webcam,3,3672.18,11016.54,New,Cash
969,1970,2025-08-21,Hyderabad,Clothing,T-Shirt,5,621.68,3108.4,Returning,UPI
970,1971,2025-12-15,Vizag,Groceries,Dal,7,114.58,802.06,Returning,Cash
971,1972,2025-08-04,Vizag,Electronics,Keyboard,1,1146.7,1146.7,Returning,UPI
972,1973,2025-10-20,Hyderabad,Home,Pillow,6,458.18,2749.08,New,Net Banking
973,1974,2025-06-09,Chennai,Electronics,Keyboard,4,1119.48,4477.92,New,UPI
974,1975,2025-11-17,Pune,Home,Chair,1,2546.27,2546.27,Returning,Card
975,1976,2025-01-28,Pune,Electronics,Monitor,4,13101.13,52404.52,New,UPI
976,1977,2025-02-13,Hyderabad,Home,Bedsheet,8,914.21,7313.68,New,Net Banking
977,1978,2025-08-15,Hyderabad,Groceries,Rice,3,72.99,218.97,Returning,Net Banking
978,1979,2025-05-31,Kolkata,Electronics,Mouse,1,505.93,505.93,Returning,UPI
979,1980,2025-08-26,Kolkata,Home,Pillow,1,495.34,495.34,New,Cash
980,1981,2025-02-25,Chennai,Electronics,Monitor,6,12210.75,73264.5,New,UPI
981,1982,2025-05-12,Pune,Clothing,Shirt,3,1232.97,3698.91,Returning,Net Banking
982,1983,2025-01-23,Hyderabad,Home,Pillow,4,463.77,1855.08,New,Cash
983,1984,2025-10-05,Bangalore,Home,Table,6,4811.19,28867.14,New,Net Banking
984,1985,2025-01-05,Bangalore,Groceries,Biscuits,6,38.33,229.98,New,Card
985,1986,2025-04-13,Mumbai,Electronics,Monitor,6,11268.98,67613.88,New,Cash
986,1987,2025-06-19,Pune,Clothing,Jacket,8,3059.86,24478.88,Returning,Net Banking
987,1988,2025-01-22,Vizag,Groceries,Oil,2,148.63,297.26,New,UPI
988,1989,2025-05-03,Vizag,Clothing,Jeans,8,1537.18,12297.44,Returning,Net Banking
989,1990,2025-01-04,Pune,Clothing,Jacket,3,3195.65,9586.95,New,UPI
990,1991,2025-08-14,Mumbai,Groceries,Rice,2,74.28,148.56,Returning,UPI
991,1992,2025-04-23,Delhi,Electronics,Keyboard,4,1148.18,4592.72,New,Cash
992,1993,2025-05-15,Chennai,Clothing,Jeans,4,1356.45,5425.8,New,Card
993,1994,2025-06-06,Vizag,Home,Bedsheet,6,978.5,5871.0,New,Cash
994,1995,2025-02-03,Chennai,Groceries,Oil,7,161.35,1129.45,New,Card
995,1996,2025-06-12,Kolkata,Clothing,Jeans,7,1558.31,10908.17,New,UPI
996,1997,2025-06-17,Mumbai,Clothing,Shirt,5,1269.5,6347.5,New,Cash
997,1998,2025-02-11,Vizag,Clothing,Shirt,8,1130.22,9041.76,New,Card
998,1999,2025-08-26,Bangalore,Home,Table,6,4998.59,29991.54,Returning,Cash
999,2000,2025-07-25,Hyderabad,Home,Chair,8,2384.17,19073.36,New,Card
1000,2001,2025-06-06,Kolkata,Clothing,Jacket,4,2937.54,11750.16,Returning,Card
1001,2002,2025-02-13,Delhi,Groceries,Sugar,2,46.34,92.68,Returning,Cash
1002,2003,2025-11-15,Pune,Clothing,Shirt,1,1191.66,1191.66,Returning,Net Banking
1003,2004,2025-09-12,Pune,Home,Chair,7,2433.76,17036.32,Returning,Net Banking
1004,2005,2025-11-27,Chennai,Electronics,Keyboard,8,1136.11,9088.88,Returning,UPI
1005,2006,2025-04-27,Chennai,Groceries,Biscuits,2,42.29,84.58,New,UPI
1006,2007,2025-12-12,Pune,Groceries,Rice,4,77.34,309.36,Returning,Cash
1007,2008,2025-10-06,Delhi,Groceries,Oil,3,164.95,494.85,New,Cash
1008,2009,2025-10-24,Hyderabad,Groceries,Sugar,7,54.46,381.22,Returning,Card
1009,2010,2025-04-18,Vizag,Home,Pillow,4,522.33,2089.32,New,Net Banking
1010,2011,2025-04-07,Kolkata,Home,Lamp,2,673.83,1347.66,Returning,Card
1011,2012,2025-10-23,Bangalore,Home,Chair,1,2437.35,2437.35,Returning,UPI
1012,2013,2025-08-06,Kolkata,Home,Lamp,6,661.57,3969.42,Returning,Cash
1013,2014,2025-03-20,Pune,Electronics,Webcam,1,3795.5,3795.5,Returning,Net Banking
1014,2015,2025-04-07,Vizag,Clothing,Jacket,2,3020.69,6041.38,New,Cash
1015,2016,2025-12-12,Bangalore,Home,Lamp,2,654.0,1308.0,New,Net Banking
1016,2017,2025-07-17,Delhi,Electronics,Keyboard,4,1096.68,4386.72,New,Card
1017,2018,2025-07-08,Hyderabad,Groceries,Biscuits,2,39.64,79.28,New,Cash
1018,2019,2025-03-08,Kolkata,Home,Chair,3,2744.8,8234.4,Returning,UPI
1019,2020,2025-06-08,Kolkata,Home,Pillow,3,537.04,1611.12,Returning,Card
1020,2021,2025-12-17,Vizag,Groceries,Biscuits,4,40.02,160.08,Returning,Card
1021,2022,2025-07-24,Mumbai,Electronics,Keyboard,8,1095.35,8762.8,Returning,Net Banking
1022,2023,2025-05-28,Vizag,Home,Chair,1,2618.65,2618.65,Returning,Cash
1023,2024,2025-04-02,Kolkata,Home,Table,3,4915.05,14745.15,Returning,Net Banking
1024,2025,2025-01-23,Mumbai,Clothing,Shirt,2,1174.45,2348.9,New,Cash
1025,2026,2025-07-30,Chennai,Groceries,Rice,4,86.54,346.16,Returning,UPI
1026,2027,2025-03-26,Delhi,Electronics,Webcam,6,3437.07,20622.42,New,UPI
1027,2028,2025-12-12,Vizag,Home,Bedsheet,2,925.0,1850.0,Returning,Cash
1028,2029,2025-05-09,Chennai,Home,Pillow,7,453.78,3176.46,New,Cash
1029,2030,2025-10-08,Mumbai,Home,Chair,8,2284.12,18272.96,Returning,Card
1030,2031,2025-01-10,Chennai,Home,Lamp,3,653.88,1961.64,New,Cash
1031,2032,2025-12-10,Hyderabad,Electronics,Webcam,7,3267.92,22875.44,Returning,Card
1032,2033,2025-01-18,Mumbai,Home,Lamp,3,660.33,1980.99,Returning,UPI
1033,2034,2025-11-03,Hyderabad,Electronics,Monitor,5,11865.57,59327.85,New,Net Banking
1034,2035,2025-04-13,Chennai,Clothing,Jeans,6,1622.63,9735.78,New,Net Banking
1035,2036,2025-12-15,Chennai,Electronics,Mouse,6,532.05,3192.3,New,UPI
1036,2037,2025-02-25,Pune,Clothing,Jeans,1,1474.7,1474.7,Returning,Card
1037,2038,2025-03-03,Mumbai,Clothing,Shirt,7,1305.34,9137.38,New,UPI
1038,2039,2025-12-01,Pune,Groceries,Sugar,3,45.15,135.45,New,Net Banking
1039,2040,2025-05-23,Pune,Clothing,Jacket,4,2739.61,10958.44,New,UPI
1040,2041,2025-09-13,Chennai,Clothing,Jacket,5,3160.53,15802.65,New,Cash
1041,2042,2025-12-23,Kolkata,Electronics,Webcam,6,3836.99,23021.94,New,Cash
1042,2043,2025-01-10,Vizag,Clothing,Shoes,8,2283.76,18270.08,Returning,Card
1043,2044,2025-03-05,Delhi,Electronics,Keyboard,1,1227.92,1227.92,New,Net Banking
1044,2045,2025-07-11,Vizag,Clothing,Shirt,2,1094.38,2188.76,Returning,Card
1045,2046,2025-05-02,Vizag,Clothing,Jacket,4,3085.22,12340.88,Returning,Card
1046,2047,2025-08-01,Delhi,Groceries,Sugar,1,50.21,50.21,New,Card
1047,2048,2025-01-28,Mumbai,Groceries,Sugar,4,47.06,188.24,New,Net Banking
1048,2049,2025-02-03,Vizag,Groceries,Oil,8,153.89,1231.12,New,Card
1049,2050,2025-03-30,Mumbai,Electronics,Keyboard,4,1110.13,4440.52,New,UPI
1050,2051,2025-04-12,Mumbai,Home,Chair,5,2332.08,11660.4,Returning,Card
1051,2052,2025-11-22,Mumbai,Clothing,Shoes,5,2538.21,12691.05,Returning,Net Banking
1052,2053,2025-08-30,Vizag,Electronics,Headphones,7,1951.09,13657.63,Returning,Net Banking
1053,2054,2025-08-07,Chennai,Clothing,Jacket,1,3157.16,3157.16,Returning,Card
1054,2055,2025-08-21,Delhi,Clothing,Shoes,7,2481.83,17372.81,Returning,Net Banking
1055,2056,2025-04-11,Bangalore,Electronics,Headphones,3,2085.95,6257.85,New,UPI
1056,2057,2025-08-01,Kolkata,Electronics,Webcam,6,3494.02,20964.12,Returning,Net Banking
1057,2058,2025-01-20,Chennai,Home,Lamp,2,687.23,1374.46,Returning,Card
1058,2059,2025-06-28,Vizag,Clothing,Jacket,5,3162.76,15813.8,Returning,UPI
1059,2060,2025-01-18,Pune,Home,Chair,4,2371.18,9484.72,New,Card
1060,2061,2025-03-17,Delhi,Groceries,Biscuits,8,43.55,348.4,New,Card
1061,2062,2025-07-16,Kolkata,Electronics,Mouse,2,514.44,1028.88,New,Card
1062,2063,2025-06-04,Kolkata,Home,Pillow,7,475.29,3327.03,Returning,Net Banking
1063,2064,2025-05-18,Mumbai,Electronics,Mouse,6,531.42,3188.52,Returning,Cash
1064,2065,2025-02-05,Kolkata,Electronics,Keyboard,8,1080.38,8643.04,Returning,Cash
1065,2066,2025-12-27,Bangalore,Home,Pillow,3,487.47,1462.41,New,Net Banking
1066,2067,2025-04-19,Bangalore,Clothing,Shirt,2,1188.16,2376.32,New,UPI
1067,2068,2025-07-29,Vizag,Clothing,Jeans,5,1644.88,8224.4,New,Card
1068,2069,2025-05-22,Chennai,Electronics,Headphones,2,1951.09,3902.18,Returning,UPI
1069,2070,2025-02-21,Hyderabad,Clothing,Jacket,8,3103.68,24829.44,New,Cash
1070,2071,2025-09-25,Hyderabad,Electronics,Webcam,1,3217.79,3217.79,Returning,Cash
1071,2072,2025-06-22,Pune,Home,Chair,6,2552.19,15313.14,Returning,Cash
1072,2073,2025-01-30,Pune,Clothing,Shoes,7,2439.22,17074.54,Returning,UPI
1073,2074,2025-03-13,Hyderabad,Electronics,Monitor,7,12540.53,87783.71,New,Cash
1074,2075,2025-12-04,Vizag,Clothing,Shoes,8,2559.18,20473.44,Returning,Card
1075,2076,2025-01-24,Pune,Electronics,Headphones,1,2053.51,2053.51,Returning,Card
1076,2077,2025-09-01,Chennai,Home,Chair,2,2424.17,4848.34,Returning,Cash
1077,2078,2025-02-14,Delhi,Clothing,Jeans,1,1388.36,1388.36,Returning,Card
1078,2079,2025-05-04,Mumbai,Home,Bedsheet,8,929.28,7434.24,New,Card
1079,2080,2025-01-15,Bangalore,Electronics,Mouse,7,549.34,3845.38,Returning,Net Banking
1080,2081,2025-12-10,Chennai,Groceries,Oil,5,154.98,774.9,New,Net Banking
1081,2082,2025-11-04,Chennai,Electronics,Headphones,4,2172.71,8690.84,Returning,Net Banking
1082,2083,2025-04-25,Delhi,Home,Table,7,5308.45,37159.15,New,Cash
1083,2084,2025-10-31,Mumbai,Electronics,Mouse,2,484.02,968.04,New,Cash
1084,2085,2025-01-01,Delhi,Clothing,Shoes,7,2538.46,17769.22,New,Card
1085,2086,2025-12-14,Bangalore,Home,Chair,6,2635.64,15813.84,New,UPI
1086,2087,2025-06-01,Mumbai,Home,Bedsheet,8,866.87,6934.96,Returning,Net Banking
1087,2088,2025-12-07,Hyderabad,Clothing,Shirt,5,1115.01,5575.05,Returning,Cash
1088,2089,2025-04-21,Vizag,Electronics,Headphones,8,2052.43,16419.44,Returning,Net Banking
1089,2090,2025-04-18,Mumbai,Electronics,Headphones,3,2131.15,6393.45,New,Card
1090,2091,2025-12-04,Bangalore,Home,Chair,5,2742.19,13710.95,New,Net Banking
1091,2092,2025-07-20,Kolkata,Groceries,Dal,8,131.77,1054.16,New,Cash
1092,2093,2025-06-15,Hyderabad,Groceries,Oil,7,137.92,965.44,Returning,Net Banking
1093,2094,2025-09-05,Delhi,Clothing,Shirt,3,1186.05,3558.15,New,Card
1094,2095,2025-10-22,Chennai,Clothing,Jeans,1,1458.67,1458.67,New,Net Banking
1095,2096,2025-08-31,Bangalore,Home,Pillow,1,459.6,459.6,New,UPI
1096,2097,2025-11-18,Kolkata,Groceries,Biscuits,7,43.76,306.32,New,UPI
1097,2098,2025-12-19,Bangalore,Electronics,Keyboard,7,1197.27,8380.89,Returning,UPI
1098,2099,2025-08-16,Pune,Home,Chair,5,2566.17,12830.85,New,UPI
1099,2100,2025-12-09,Mumbai,Electronics,Mouse,2,498.92,997.84,New,Net Banking
1100,2101,2025-11-27,Kolkata,Groceries,Rice,3,78.14,234.42,Returning,Card
1101,2102,2025-10-03,Bangalore,Electronics,Headphones,2,2085.51,4171.02,Returning,UPI
1102,2103,2025-10-27,Chennai,Home,Table,8,4563.93,36511.44,New,UPI
1103,2104,2025-08-17,Pune,Clothing,Shirt,3,1081.28,3243.84,New,UPI
1104,2105,2025-02-14,Delhi,Clothing,Shirt,4,1236.63,4946.52,New,UPI
1105,2106,2025-10-06,Bangalore,Electronics,Webcam,5,3404.49,17022.45,Returning,UPI
1106,2107,2025-09-23,Delhi,Clothing,Shoes,1,2723.11,2723.11,Returning,Card
1107,2108,2025-09-19,Mumbai,Home,Lamp,6,714.86,4289.16,New,UPI
1108,2109,2025-04-21,Bangalore,Clothing,T-Shirt,4,557.0,2228.0,New,Cash
1109,2110,2025-05-11,Delhi,Groceries,Oil,7,137.23,960.61,Returning,Card
1110,2111,2025-12-13,Kolkata,Home,Chair,2,2722.37,5444.74,New,Card
1111,2112,2025-10-16,Bangalore,Electronics,Headphones,4,2085.78,8343.12,Returning,Card
1112,2113,2025-11-06,Mumbai,Groceries,Dal,7,108.62,760.34,New,Cash
1113,2114,2025-07-28,Chennai,Electronics,Webcam,2,3628.79,7257.58,Returning,UPI
1114,2115,2025-04-26,Delhi,Groceries,Sugar,5,46.46,232.3,New,UPI
1115,2116,2025-03-05,Bangalore,Home,Pillow,7,545.18,3816.26,Returning,Net Banking
1116,2117,2025-05-25,Delhi,Electronics,Webcam,6,3640.32,21841.92,New,UPI
1117,2118,2025-12-14,Kolkata,Clothing,Shoes,7,2340.34,16382.38,Returning,Card
1118,2119,2025-03-15,Kolkata,Groceries,Rice,3,82.52,247.56,Returning,UPI
1119,2120,2025-04-04,Vizag,Groceries,Oil,7,156.2,1093.4,Returning,Net Banking
1120,2121,2025-04-28,Delhi,Groceries,Sugar,7,50.21,351.47,New,Cash
1121,2122,2025-02-09,Mumbai,Home,Lamp,2,718.85,1437.7,New,Card
1122,2123,2025-09-10,Hyderabad,Electronics,Mouse,5,505.42,2527.1,Returning,Card
1123,2124,2025-11-12,Mumbai,Home,Chair,2,2452.74,4905.48,New,Net Banking
1124,2125,2025-03-28,Mumbai,Groceries,Oil,1,153.22,153.22,New,UPI
1125,2126,2025-08-05,Vizag,Groceries,Oil,6,163.57,981.42,Returning,Card
1126,2127,2025-05-08,Chennai,Groceries,Rice,6,86.62,519.72,Returning,Cash
1127,2128,2025-11-20,Kolkata,Home,Lamp,5,659.83,3299.15,New,Cash
1128,2129,2025-01-04,Vizag,Electronics,Monitor,8,10937.99,87503.92,Returning,Cash
1129,2130,2025-04-06,Kolkata,Groceries,Rice,1,77.6,77.6,Returning,UPI
1130,2131,2025-09-28,Bangalore,Electronics,Monitor,8,11274.11,90192.88,Returning,UPI
1131,2132,2025-05-09,Mumbai,Home,Bedsheet,3,948.5,2845.5,Returning,Net Banking
1132,2133,2025-04-04,Delhi,Groceries,Sugar,6,49.28,295.68,New,Net Banking
1133,2134,2025-08-11,Hyderabad,Home,Pillow,3,485.37,1456.11,Returning,Card
1134,2135,2025-07-22,Kolkata,Electronics,Keyboard,5,1089.66,5448.3,Returning,UPI
1135,2136,2025-05-17,Chennai,Clothing,Jeans,8,1637.91,13103.28,Returning,Net Banking
1136,2137,2025-07-24,Kolkata,Home,Pillow,6,525.11,3150.66,New,UPI
1137,2138,2025-09-14,Hyderabad,Electronics,Mouse,3,465.55,1396.65,New,UPI
1138,2139,2025-05-29,Delhi,Groceries,Dal,1,118.42,118.42,Returning,UPI
1139,2140,2025-04-06,Mumbai,Home,Pillow,3,522.92,1568.76,Returning,UPI
1140,2141,2025-12-28,Chennai,Groceries,Oil,7,140.95,986.65,New,Card
1141,2142,2025-01-20,Delhi,Clothing,Jeans,2,1389.69,2779.38,New,Card
1142,2143,2025-01-27,Kolkata,Home,Bedsheet,4,826.37,3305.48,Returning,Cash
1143,2144,2025-02-01,Kolkata,Clothing,Jeans,6,1477.82,8866.92,New,Cash
1144,2145,2025-06-29,Kolkata,Electronics,Headphones,6,1912.22,11473.32,New,Cash
1145,2146,2025-12-05,Pune,Electronics,Keyboard,1,1080.13,1080.13,New,Cash
1146,2147,2025-05-10,Vizag,Home,Lamp,2,690.33,1380.66,Returning,Cash
1147,2148,2025-12-16,Bangalore,Groceries,Rice,2,82.7,165.4,Returning,Cash
1148,2149,2025-05-22,Mumbai,Groceries,Biscuits,6,37.91,227.46,Returning,UPI
1149,2150,2025-12-02,Mumbai,Electronics,Keyboard,2,1089.85,2179.7,New,Net Banking
1150,2151,2025-08-31,Mumbai,Electronics,Mouse,6,480.15,2880.9,New,UPI
1151,2152,2025-05-10,Pune,Clothing,Jeans,7,1515.15,10606.05,Returning,Net Banking
1152,2153,2025-09-26,Hyderabad,Electronics,Monitor,2,11958.77,23917.54,New,Cash
1153,2154,2025-02-01,Mumbai,Clothing,Shoes,1,2727.9,2727.9,Returning,Net Banking
1154,2155,2025-07-16,Kolkata,Electronics,Keyboard,8,1260.17,10081.36,Returning,Cash
1155,2156,2025-04-22,Hyderabad,Clothing,Jeans,1,1398.0,1398.0,Returning,Cash
1156,2157,2025-10-10,Chennai,Groceries,Oil,5,156.25,781.25,New,Card
1157,2158,2025-11-24,Bangalore,Electronics,Webcam,4,3354.29,13417.16,Returning,Card
1158,2159,2025-04-18,Chennai,Groceries,Rice,4,87.83,351.32,New,Cash
1159,2160,2025-10-09,Delhi,Groceries,Sugar,2,54.46,108.92,New,Net Banking
1160,2161,2025-01-06,Pune,Groceries,Sugar,1,51.26,51.26,New,Cash
1161,2162,2025-10-26,Chennai,Clothing,Shoes,1,2518.69,2518.69,Returning,Cash
1162,2163,2025-04-15,Kolkata,Clothing,Jacket,4,2894.56,11578.24,New,Net Banking
1163,2164,2025-09-03,Chennai,Clothing,Jacket,6,2789.0,16734.0,Returning,Card
1164,2165,2025-09-09,Bangalore,Home,Pillow,3,468.89,1406.67,Returning,UPI
1165,2166,2025-12-18,Mumbai,Groceries,Oil,3,159.52,478.56,New,Card
1166,2167,2025-11-27,Kolkata,Electronics,Monitor,4,11892.06,47568.24,New,Card
1167,2168,2025-01-11,Chennai,Electronics,Webcam,2,3414.51,6829.02,New,UPI
1168,2169,2025-11-18,Hyderabad,Clothing,Jeans,2,1430.3,2860.6,New,UPI
1169,2170,2025-10-16,Vizag,Groceries,Rice,4,74.23,296.92,New,Cash
1170,2171,2025-10-06,Delhi,Groceries,Dal,3,113.85,341.55,New,UPI
1171,2172,2025-08-01,Bangalore,Electronics,Mouse,5,460.26,2301.3,New,Card
1172,2173,2025-06-30,Delhi,Electronics,Keyboard,7,1172.49,8207.43,New,Net Banking
1173,2174,2025-04-25,Chennai,Electronics,Monitor,3,13177.84,39533.52,Returning,Cash
1174,2175,2025-02-13,Hyderabad,Electronics,Webcam,6,3232.85,19397.1,New,Card
1175,2176,2025-12-14,Kolkata,Home,Table,6,5099.61,30597.66,New,Cash
1176,2177,2025-09-13,Pune,Groceries,Sugar,2,47.71,95.42,Returning,UPI
1177,2178,2025-07-19,Vizag,Electronics,Keyboard,3,1156.86,3470.58,Returning,UPI
1178,2179,2025-05-23,Bangalore,Electronics,Webcam,7,3821.71,26751.97,New,Cash
1179,2180,2025-09-11,Kolkata,Clothing,Jeans,7,1455.78,10190.46,Returning,Net Banking
1180,2181,2025-10-09,Vizag,Groceries,Oil,4,146.5,586.0,Returning,Card
1181,2182,2025-12-22,Mumbai,Home,Bedsheet,7,904.85,6333.95,New,Card
1182,2183,2025-01-09,Pune,Groceries,Rice,4,87.9,351.6,Returning,Card
1183,2184,2025-03-13,Delhi,Electronics,Mouse,6,486.09,2916.54,Returning,Card
1184,2185,2025-01-29,Bangalore,Home,Pillow,4,532.78,2131.12,New,Card
1185,2186,2025-12-26,Chennai,Home,Bedsheet,7,876.9,6138.3,New,Net Banking
1186,2187,2025-02-10,Mumbai,Clothing,T-Shirt,3,583.83,1751.49,New,UPI
1187,2188,2025-03-13,Delhi,Home,Pillow,3,496.98,1490.94,Returning,Net Banking
1188,2189,2025-03-21,Hyderabad,Groceries,Dal,1,114.88,114.88,New,Card
1189,2190,2025-12-15,Vizag,Clothing,T-Shirt,7,639.92,4479.44,Returning,Cash
1190,2191,2025-02-17,Kolkata,Clothing,Jacket,3,2863.1,8589.3,New,Card
1191,2192,2025-04-05,Chennai,Home,Table,1,4718.91,4718.91,Returning,Net Banking
1192,2193,2025-07-10,Kolkata,Groceries,Dal,7,111.96,783.72,New,Cash
1193,2194,2025-06-21,Hyderabad,Electronics,Mouse,2,486.27,972.54,New,Cash
1194,2195,2025-11-02,Hyderabad,Clothing,Shirt,2,1095.68,2191.36,Returning,Card
1195,2196,2025-10-19,Hyderabad,Clothing,T-Shirt,4,572.3,2289.2,Returning,UPI
1196,2197,2025-01-05,Pune,Electronics,Headphones,2,2177.4,4354.8,Returning,Net Banking
1197,2198,2025-03-08,Chennai,Clothing,Shoes,7,2612.84,18289.88,Returning,Net Banking
1198,2199,2025-07-15,Vizag,Electronics,Webcam,3,3166.58,9499.74,New,Cash
1199,2200,2025-11-17,Chennai,Clothing,Jeans,8,1373.63,10989.04,New,Card
1200,2201,2025-03-09,Pune,Clothing,Jeans,6,1484.24,8905.44,Returning,Cash
1201,2202,2025-11-09,Chennai,Home,Bedsheet,7,853.04,5971.28,New,Net Banking
1202,2203,2025-06-08,Chennai,Electronics,Mouse,3,526.63,1579.89,Returning,UPI
1203,2204,2025-03-24,Chennai,Home,Lamp,3,760.77,2282.31,Returning,Cash
1204,2205,2025-08-24,Delhi,Groceries,Rice,2,74.87,149.74,Returning,Cash
1205,2206,2025-09-07,Hyderabad,Home,Pillow,2,547.17,1094.34,Returning,Cash
1206,2207,2025-09-20,Pune,Home,Chair,3,2470.41,7411.23,Returning,UPI
1207,2208,2025-12-16,Hyderabad,Home,Table,8,4762.83,38102.64,New,Card
1208,2209,2025-03-23,Kolkata,Electronics,Keyboard,2,1149.76,2299.52,New,Card
1209,2210,2025-08-28,Vizag,Home,Chair,2,2424.47,4848.94,New,UPI
1210,2211,2025-04-13,Kolkata,Clothing,T-Shirt,7,632.19,4425.33,Returning,UPI
1211,2212,2025-09-01,Chennai,Groceries,Sugar,8,47.13,377.04,Returning,Net Banking
1212,2213,2025-03-16,Mumbai,Electronics,Webcam,3,3813.97,11441.91,Returning,UPI
1213,2214,2025-08-31,Mumbai,Home,Bedsheet,6,952.12,5712.72,New,Card
1214,2215,2025-04-01,Chennai,Electronics,Monitor,5,11404.97,57024.85,New,UPI
1215,2216,2025-12-31,Vizag,Groceries,Dal,2,115.16,230.32,Returning,Card
1216,2217,2025-08-08,Pune,Groceries,Oil,1,137.77,137.77,Returning,Card
1217,2218,2025-10-02,Bangalore,Clothing,Shoes,7,2490.81,17435.67,Returning,Cash
1218,2219,2025-12-08,Bangalore,Home,Bedsheet,4,824.01,3296.04,Returning,Cash
1219,2220,2025-09-13,Pune,Electronics,Keyboard,8,1304.12,10432.96,New,Net Banking
1220,2221,2025-03-06,Vizag,Groceries,Biscuits,1,43.91,43.91,New,UPI
1221,2222,2025-03-27,Kolkata,Clothing,Jeans,7,1558.93,10912.51,New,Cash
1222,2223,2025-07-06,Hyderabad,Clothing,Jeans,1,1461.08,1461.08,Returning,Cash
1223,2224,2025-06-30,Pune,Electronics,Monitor,8,11793.73,94349.84,Returning,Cash
1224,2225,2025-04-01,Bangalore,Electronics,Keyboard,8,1182.81,9462.48,Returning,Net Banking
1225,2226,2025-02-20,Chennai,Groceries,Dal,5,124.85,624.25,New,UPI
1226,2227,2025-11-16,Chennai,Electronics,Webcam,7,3222.57,22557.99,Returning,UPI
1227,2228,2025-08-21,Kolkata,Groceries,Dal,4,113.35,453.4,New,Card
1228,2229,2025-08-26,Kolkata,Home,Bedsheet,6,984.17,5905.02,Returning,UPI
1229,2230,2025-12-04,Delhi,Groceries,Oil,5,143.03,715.15,Returning,Net Banking
1230,2231,2025-01-14,Bangalore,Clothing,T-Shirt,7,543.92,3807.44,Returning,Cash
1231,2232,2025-07-20,Mumbai,Groceries,Oil,7,142.25,995.75,Returning,UPI
1232,2233,2025-03-30,Kolkata,Home,Pillow,7,547.74,3834.18,Returning,Card
1233,2234,2025-03-06,Chennai,Home,Pillow,2,521.0,1042.0,Returning,Cash
1234,2235,2025-01-14,Kolkata,Clothing,Shoes,4,2296.63,9186.52,New,Card
1235,2236,2025-01-13,Bangalore,Electronics,Webcam,2,3550.26,7100.52,Returning,Cash
1236,2237,2025-10-02,Mumbai,Clothing,Jeans,4,1439.08,5756.32,Returning,Cash
1237,2238,2025-11-18,Hyderabad,Electronics,Headphones,2,2173.99,4347.98,New,UPI
1238,2239,2025-05-25,Delhi,Home,Table,2,4607.08,9214.16,New,UPI
1239,2240,2025-04-17,Kolkata,Electronics,Monitor,6,12990.53,77943.18,New,Net Banking
1240,2241,2025-11-17,Chennai,Electronics,Monitor,2,11967.64,23935.28,New,Net Banking
1241,2242,2025-04-03,Delhi,Home,Lamp,8,743.2,5945.6,New,Card
1242,2243,2025-09-05,Hyderabad,Electronics,Mouse,6,549.37,3296.22,New,Cash
1243,2244,2025-09-23,Bangalore,Electronics,Keyboard,1,1208.63,1208.63,New,Cash
1244,2245,2025-04-23,Chennai,Electronics,Keyboard,1,1158.61,1158.61,New,Cash
1245,2246,2025-06-28,Delhi,Groceries,Dal,4,130.88,523.52,Returning,Net Banking
1246,2247,2025-05-09,Bangalore,Home,Table,7,5422.35,37956.45,New,Cash
1247,2248,2025-04-16,Vizag,Home,Bedsheet,5,839.82,4199.1,Returning,Net Banking
1248,2249,2025-11-15,Chennai,Home,Table,5,5315.89,26579.45,Returning,Net Banking
1249,2250,2025-11-20,Chennai,Clothing,Shirt,6,1169.75,7018.5,Returning,Card
1250,2251,2025-05-31,Pune,Electronics,Webcam,5,3560.81,17804.05,Returning,UPI
1251,2252,2025-04-06,Pune,Electronics,Keyboard,6,1183.05,7098.3,New,UPI
1252,2253,2025-06-10,Chennai,Clothing,Shoes,6,2322.52,13935.12,New,Cash
1253,2254,2025-06-14,Mumbai,Electronics,Headphones,4,1986.15,7944.6,New,Net Banking
1254,2255,2025-02-22,Delhi,Groceries,Biscuits,4,40.22,160.88,New,Net Banking
1255,2256,2025-01-26,Vizag,Home,Lamp,6,657.74,3946.44,Returning,UPI
1256,2257,2025-03-29,Pune,Groceries,Dal,2,110.98,221.96,Returning,Card
1257,2258,2025-10-22,Hyderabad,Electronics,Headphones,1,2057.47,2057.47,Returning,Cash
1258,2259,2025-09-28,Hyderabad,Clothing,Jacket,1,3237.5,3237.5,Returning,UPI
1259,2260,2025-08-01,Delhi,Electronics,Monitor,2,12791.64,25583.28,Returning,Cash
1260,2261,2025-06-10,Vizag,Groceries,Dal,2,121.35,242.7,New,Net Banking
1261,2262,2025-03-04,Pune,Groceries,Dal,8,128.37,1026.96,New,UPI
1262,2263,2025-06-15,Kolkata,Clothing,T-Shirt,1,556.65,556.65,New,Card
1263,2264,2025-10-03,Hyderabad,Electronics,Keyboard,6,1275.88,7655.28,New,Cash
1264,2265,2025-02-08,Delhi,Electronics,Mouse,1,544.71,544.71,Returning,Net Banking
1265,2266,2025-03-03,Bangalore,Groceries,Oil,3,152.5,457.5,Returning,Card
1266,2267,2025-05-04,Vizag,Home,Chair,2,2510.88,5021.76,Returning,Cash
1267,2268,2025-06-01,Chennai,Groceries,Dal,4,110.2,440.8,Returning,Card
1268,2269,2025-01-31,Mumbai,Clothing,T-Shirt,2,656.61,1313.22,New,Card
1269,2270,2025-06-24,Mumbai,Home,Chair,4,2493.82,9975.28,Returning,Cash
1270,2271,2025-04-23,Pune,Home,Pillow,2,541.41,1082.82,Returning,Net Banking
1271,2272,2025-08-05,Bangalore,Clothing,Jacket,4,2741.18,10964.72,Returning,UPI
1272,2273,2025-05-04,Hyderabad,Clothing,Jacket,2,3147.02,6294.04,Returning,Card
1273,2274,2025-08-20,Pune,Groceries,Rice,8,82.59,660.72,Returning,UPI
1274,2275,2025-07-23,Kolkata,Electronics,Headphones,7,1884.83,13193.81,Returning,UPI
1275,2276,2025-11-29,Kolkata,Home,Lamp,6,643.69,3862.14,Returning,Card
1276,2277,2025-05-22,Vizag,Groceries,Oil,7,140.3,982.1,Returning,UPI
1277,2278,2025-01-28,Hyderabad,Electronics,Keyboard,2,1132.7,2265.4,Returning,Card
1278,2279,2025-11-14,Kolkata,Electronics,Webcam,2,3342.82,6685.64,Returning,Net Banking
1279,2280,2025-03-29,Mumbai,Electronics,Keyboard,5,1198.84,5994.2,Returning,Cash
1280,2281,2025-12-25,Vizag,Groceries,Rice,2,74.96,149.92,Returning,Card
1281,2282,2025-06-20,Vizag,Clothing,Shoes,2,2333.32,4666.64,New,UPI
1282,2283,2025-05-16,Chennai,Home,Chair,6,2260.41,13562.46,New,UPI
1283,2284,2025-05-07,Vizag,Groceries,Dal,1,119.72,119.72,New,UPI
1284,2285,2025-09-26,Bangalore,Electronics,Webcam,5,3734.75,18673.75,New,UPI
1285,2286,2025-06-29,Delhi,Electronics,Headphones,6,1981.05,11886.3,Returning,Cash
1286,2287,2025-06-04,Pune,Groceries,Dal,1,127.87,127.87,Returning,UPI
1287,2288,2025-07-30,Mumbai,Groceries,Biscuits,1,37.18,37.18,New,Cash
1288,2289,2025-12-23,Kolkata,Home,Bedsheet,4,913.97,3655.88,Returning,Card
1289,2290,2025-05-21,Vizag,Electronics,Keyboard,7,1233.3,8633.1,New,Cash
1290,2291,2025-05-22,Delhi,Groceries,Sugar,7,50.89,356.23,New,UPI
1291,2292,2025-08-21,Pune,Groceries,Biscuits,2,39.47,78.94,Returning,UPI
1292,2293,2025-03-18,Delhi,Electronics,Monitor,3,11919.16,35757.48,New,Cash
1293,2294,2025-01-08,Vizag,Home,Lamp,2,741.97,1483.94,New,Card
1294,2295,2025-06-06,Hyderabad,Groceries,Biscuits,2,36.43,72.86,Returning,Cash
1295,2296,2025-05-26,Bangalore,Electronics,Mouse,5,463.77,2318.85,New,Cash
1296,2297,2025-02-11,Delhi,Clothing,Jeans,7,1525.57,10678.99,New,UPI
1297,2298,2025-11-23,Kolkata,Home,Lamp,4,743.64,2974.56,Returning,Net Banking
1298,2299,2025-03-30,Kolkata,Electronics,Headphones,5,2038.82,10194.1,Returning,Card
1299,2300,2025-04-13,Delhi,Clothing,Shoes,3,2458.16,7374.48,Returning,UPI
1300,2301,2025-07-12,Kolkata,Groceries,Biscuits,8,40.37,322.96,New,Card
1301,2302,2025-08-07,Vizag,Home,Lamp,6,695.57,4173.42,Returning,Net Banking
1302,2303,2025-08-04,Chennai,Home,Bedsheet,1,982.35,982.35,New,Cash
1303,2304,2025-10-06,Delhi,Clothing,Shirt,6,1110.55,6663.3,New,Net Banking
1304,2305,2025-09-23,Vizag,Clothing,Jacket,1,2977.68,2977.68,New,UPI
1305,2306,2025-02-19,Delhi,Electronics,Headphones,2,1933.39,3866.78,Returning,Cash
1306,2307,2025-09-22,Bangalore,Electronics,Mouse,1,520.16,520.16,Returning,Card
1307,2308,2025-01-04,Vizag,Clothing,Jeans,5,1538.47,7692.35,New,UPI
1308,2309,2025-03-03,Chennai,Electronics,Mouse,3,510.38,1531.14,New,Card
1309,2310,2025-08-16,Kolkata,Electronics,Monitor,1,12798.54,12798.54,New,UPI
1310,2311,2025-05-01,Delhi,Groceries,Dal,8,131.58,1052.64,Returning,UPI
1311,2312,2025-12-03,Mumbai,Home,Pillow,1,468.48,468.48,New,Card
1312,2313,2025-02-21,Vizag,Home,Chair,5,2394.72,11973.6,Returning,Cash
1313,2314,2025-08-06,Bangalore,Home,Chair,2,2481.98,4963.96,New,Cash
1314,2315,2025-06-05,Hyderabad,Home,Bedsheet,7,811.98,5683.86,Returning,UPI
1315,2316,2025-08-23,Delhi,Groceries,Oil,8,161.47,1291.76,New,Card
1316,2317,2025-12-28,Kolkata,Groceries,Biscuits,4,38.79,155.16,New,Card
1317,2318,2025-03-13,Delhi,Clothing,Shoes,6,2479.74,14878.44,Returning,Net Banking
1318,2319,2025-11-07,Bangalore,Electronics,Monitor,7,13110.13,91770.91,Returning,Card
1319,2320,2025-07-26,Chennai,Groceries,Biscuits,6,40.68,244.08,New,UPI
1320,2321,2025-09-13,Vizag,Clothing,Jeans,2,1549.58,3099.16,Returning,Card
1321,2322,2025-07-16,Kolkata,Clothing,T-Shirt,3,627.38,1882.14,New,UPI
1322,2323,2025-02-07,Vizag,Groceries,Rice,1,85.55,85.55,Returning,UPI
1323,2324,2025-07-13,Bangalore,Clothing,Shoes,2,2599.36,5198.72,New,Card
1324,2325,2025-04-26,Mumbai,Groceries,Dal,8,124.29,994.32,New,Net Banking
1325,2326,2025-12-09,Chennai,Clothing,T-Shirt,1,615.49,615.49,New,UPI
1326,2327,2025-10-18,Chennai,Clothing,T-Shirt,6,632.93,3797.58,Returning,Card
1327,2328,2025-08-31,Pune,Home,Pillow,4,507.04,2028.16,Returning,Card
1328,2329,2025-02-06,Chennai,Electronics,Monitor,7,12301.13,86107.91,New,Cash
1329,2330,2025-11-04,Pune,Electronics,Mouse,8,473.06,3784.48,New,Card
1330,2331,2025-02-04,Bangalore,Groceries,Sugar,7,52.03,364.21,Returning,UPI
1331,2332,2025-01-30,Chennai,Clothing,Shirt,5,1175.81,5879.05,Returning,Cash
1332,2333,2025-04-13,Pune,Electronics,Mouse,6,492.14,2952.84,New,Card
1333,2334,2025-12-06,Hyderabad,Clothing,Shirt,6,1301.8,7810.8,New,Net Banking
1334,2335,2025-02-06,Kolkata,Electronics,Webcam,1,3392.09,3392.09,New,Net Banking
1335,2336,2025-09-12,Mumbai,Clothing,Shoes,1,2302.03,2302.03,Returning,Net Banking
1336,2337,2025-01-29,Hyderabad,Home,Lamp,4,633.0,2532.0,New,Net Banking
1337,2338,2025-07-13,Bangalore,Electronics,Webcam,8,3186.5,25492.0,Returning,Net Banking
1338,2339,2025-11-12,Pune,Clothing,T-Shirt,8,554.16,4433.28,Returning,Card
1339,2340,2025-02-17,Hyderabad,Groceries,Dal,1,113.72,113.72,New,Net Banking
1340,2341,2025-02-09,Hyderabad,Electronics,Mouse,4,531.26,2125.04,New,Net Banking
1341,2342,2025-11-05,Mumbai,Clothing,Shoes,1,2407.06,2407.06,Returning,Card
1342,2343,2025-02-09,Delhi,Home,Chair,2,2578.3,5156.6,New,Net Banking
1343,2344,2025-07-07,Delhi,Groceries,Oil,8,156.39,1251.12,New,Cash
1344,2345,2025-07-30,Vizag,Groceries,Biscuits,2,36.43,72.86,Returning,UPI
1345,2346,2025-10-11,Mumbai,Clothing,Jeans,4,1441.48,5765.92,New,Cash
1346,2347,2025-11-29,Vizag,Clothing,T-Shirt,4,623.8,2495.2,New,UPI
1347,2348,2025-07-16,Delhi,Home,Bedsheet,5,860.03,4300.15,New,UPI
1348,2349,2025-07-15,Kolkata,Groceries,Biscuits,7,39.96,279.72,Returning,UPI
1349,2350,2025-08-09,Hyderabad,Clothing,Jeans,7,1405.33,9837.31,Returning,UPI
1350,2351,2025-05-15,Mumbai,Groceries,Rice,6,86.76,520.56,New,Cash
1351,2352,2025-10-11,Kolkata,Home,Chair,1,2653.7,2653.7,Returning,Net Banking
1352,2353,2025-07-15,Vizag,Home,Table,5,4662.55,23312.75,New,Card
1353,2354,2025-05-08,Delhi,Electronics,Headphones,5,1834.21,9171.05,Returning,Net Banking
1354,2355,2025-12-04,Delhi,Electronics,Webcam,5,3403.19,17015.95,New,UPI
1355,2356,2025-04-02,Vizag,Groceries,Biscuits,6,42.69,256.14,Returning,UPI
1356,2357,2025-07-03,Vizag,Home,Bedsheet,8,816.66,6533.28,New,Net Banking
1357,2358,2025-11-09,Pune,Electronics,Webcam,2,3343.51,6687.02,New,Net Banking
1358,2359,2025-09-11,Bangalore,Clothing,Shoes,5,2379.77,11898.85,New,Card
1359,2360,2025-12-02,Hyderabad,Clothing,Shirt,1,1135.84,1135.84,New,Net Banking
1360,2361,2025-05-13,Delhi,Groceries,Rice,4,72.97,291.88,New,Cash
1361,2362,2025-02-09,Vizag,Electronics,Webcam,4,3394.81,13579.24,New,UPI
1362,2363,2025-12-15,Kolkata,Clothing,Jeans,6,1521.11,9126.66,New,Net Banking
1363,2364,2025-07-04,Pune,Groceries,Oil,1,144.8,144.8,Returning,Cash
1364,2365,2025-01-23,Delhi,Home,Lamp,1,652.44,652.44,New,UPI
1365,2366,2025-09-19,Pune,Electronics,Webcam,4,3715.62,14862.48,New,Net Banking
1366,2367,2025-11-29,Chennai,Electronics,Keyboard,7,1263.03,8841.21,New,Card
1367,2368,2025-09-28,Hyderabad,Home,Table,2,5347.6,10695.2,Returning,Net Banking
1368,2369,2025-05-31,Mumbai,Groceries,Sugar,4,53.36,213.44,Returning,Card
1369,2370,2025-03-01,Mumbai,Groceries,Oil,8,144.44,1155.52,Returning,Net Banking
1370,2371,2025-02-09,Pune,Groceries,Rice,6,80.97,485.82,Returning,Card
1371,2372,2025-03-06,Mumbai,Home,Chair,4,2534.67,10138.68,Returning,Card
1372,2373,2025-02-11,Kolkata,Groceries,Sugar,6,48.14,288.84,Returning,Card
1373,2374,2025-01-08,Bangalore,Home,Pillow,3,537.64,1612.92,New,Net Banking
1374,2375,2025-03-06,Hyderabad,Groceries,Biscuits,8,41.94,335.52,Returning,UPI
1375,2376,2025-09-29,Kolkata,Clothing,T-Shirt,3,601.79,1805.37,Returning,Cash
1376,2377,2025-03-02,Pune,Clothing,Jacket,4,3127.19,12508.76,Returning,UPI
1377,2378,2025-07-29,Vizag,Electronics,Mouse,6,544.99,3269.94,Returning,Cash
1378,2379,2025-10-29,Chennai,Home,Pillow,3,522.37,1567.11,New,UPI
1379,2380,2025-04-01,Delhi,Groceries,Dal,7,115.69,809.83,New,Card
1380,2381,2025-09-23,Kolkata,Groceries,Dal,6,109.16,654.96,Returning,Cash
1381,2382,2025-01-22,Mumbai,Home,Lamp,3,763.49,2290.47,Returning,Cash
1382,2383,2025-03-02,Delhi,Groceries,Rice,6,76.56,459.36,Returning,Net Banking
1383,2384,2025-05-13,Chennai,Home,Pillow,3,478.85,1436.55,New,Cash
1384,2385,2025-09-18,Bangalore,Clothing,T-Shirt,4,606.26,2425.04,New,UPI
1385,2386,2025-01-14,Pune,Clothing,T-Shirt,8,639.9,5119.2,New,Cash
1386,2387,2025-06-01,Chennai,Home,Chair,3,2665.52,7996.56,New,Net Banking
1387,2388,2025-03-12,Delhi,Home,Chair,5,2293.43,11467.15,New,Cash
1388,2389,2025-09-17,Pune,Electronics,Keyboard,2,1158.51,2317.02,Returning,Net Banking
1389,2390,2025-12-28,Pune,Electronics,Headphones,1,1973.35,1973.35,New,UPI
1390,2391,2025-04-23,Mumbai,Electronics,Keyboard,3,1220.72,3662.16,Returning,Net Banking
1391,2392,2025-05-25,Bangalore,Clothing,Jacket,3,3140.14,9420.42,New,UPI
1392,2393,2025-10-13,Mumbai,Clothing,T-Shirt,7,548.07,3836.49,New,UPI
1393,2394,2025-05-01,Pune,Home,Lamp,7,718.34,5028.38,Returning,Card
1394,2395,2025-09-08,Kolkata,Groceries,Oil,5,155.04,775.2,Returning,Net Banking
1395,2396,2025-05-28,Kolkata,Groceries,Rice,4,73.8,295.2,Returning,Cash
1396,2397,2025-06-13,Chennai,Clothing,Jacket,2,2805.72,5611.44,Returning,Net Banking
1397,2398,2025-12-18,Mumbai,Clothing,Jacket,8,3060.64,24485.12,New,Cash
1398,2399,2025-07-29,Hyderabad,Groceries,Biscuits,4,43.12,172.48,Returning,Cash
1399,2400,2025-08-06,Kolkata,Groceries,Dal,7,127.42,891.94,Returning,UPI
1400,2401,2025-01-24,Delhi,Groceries,Dal,4,116.16,464.64,Returning,Net Banking
1401,2402,2025-11-17,Chennai,Clothing,Shirt,3,1208.64,3625.92,Returning,Card
1402,2403,2025-12-27,Pune,Electronics,Mouse,7,459.03,3213.21,Returning,UPI
1403,2404,2025-04-12,Bangalore,Electronics,Webcam,4,3403.47,13613.88,Returning,Card
1404,2405,2025-04-21,Mumbai,Groceries,Oil,6,144.95,869.7,New,UPI
1405,2406,2025-09-06,Hyderabad,Electronics,Webcam,2,3501.05,7002.1,New,Cash
1406,2407,2025-12-19,Mumbai,Groceries,Rice,4,82.1,328.4,New,Cash
1407,2408,2025-05-19,Chennai,Electronics,Monitor,7,11114.86,77804.02,New,UPI
1408,2409,2025-10-05,Bangalore,Home,Bedsheet,1,943.68,943.68,New,Net Banking
1409,2410,2025-08-06,Hyderabad,Clothing,Shirt,5,1268.35,6341.75,Returning,Cash
1410,2411,2025-12-02,Vizag,Home,Pillow,2,476.43,952.86,Returning,Cash
1411,2412,2025-10-15,Delhi,Home,Bedsheet,4,984.04,3936.16,Returning,Cash
1412,2413,2025-07-21,Pune,Clothing,Jacket,1,3295.89,3295.89,New,Net Banking
1413,2414,2025-04-29,Vizag,Clothing,Shirt,1,1175.36,1175.36,Returning,Net Banking
1414,2415,2025-11-19,Chennai,Electronics,Headphones,6,1857.51,11145.06,New,Card
1415,2416,2025-07-26,Vizag,Clothing,Jacket,4,2750.33,11001.32,New,UPI
1416,2417,2025-06-22,Bangalore,Home,Lamp,7,673.6,4715.2,New,Cash
1417,2418,2025-10-15,Vizag,Home,Bedsheet,5,934.27,4671.35,Returning,Cash
1418,2419,2025-09-21,Chennai,Clothing,Shoes,8,2604.43,20835.44,New,Net Banking
1419,2420,2025-03-24,Chennai,Electronics,Monitor,3,12616.53,37849.59,New,Card
1420,2421,2025-09-11,Bangalore,Home,Bedsheet,1,969.39,969.39,Returning,Card
1421,2422,2025-08-11,Delhi,Home,Chair,1,2398.38,2398.38,Returning,Cash
1422,2423,2025-09-25,Mumbai,Groceries,Biscuits,3,37.13,111.39,Returning,Cash
1423,2424,2025-03-11,Bangalore,Home,Chair,4,2718.1,10872.4,Returning,UPI
1424,2425,2025-02-04,Hyderabad,Groceries,Dal,3,111.61,334.83,Returning,Card
1425,2426,2025-02-01,Vizag,Clothing,T-Shirt,8,579.72,4637.76,New,UPI
1426,2427,2025-01-08,Mumbai,Groceries,Biscuits,4,38.76,155.04,Returning,Cash
1427,2428,2025-07-26,Delhi,Home,Table,5,4867.27,24336.35,New,UPI
1428,2429,2025-05-15,Chennai,Clothing,T-Shirt,4,573.6,2294.4,New,Net Banking
1429,2430,2025-11-12,Vizag,Groceries,Biscuits,5,43.73,218.65,New,Card
1430,2431,2025-11-11,Bangalore,Electronics,Keyboard,4,1101.92,4407.68,New,Card
1431,2432,2025-01-27,Bangalore,Home,Bedsheet,6,824.0,4944.0,Returning,Net Banking
1432,2433,2025-03-02,Mumbai,Home,Lamp,5,700.05,3500.25,Returning,Net Banking
1433,2434,2025-09-25,Pune,Home,Chair,6,2405.88,14435.28,New,Card
1434,2435,2025-10-14,Vizag,Clothing,Shoes,3,2669.94,8009.82,Returning,Cash
1435,2436,2025-04-02,Hyderabad,Electronics,Webcam,7,3606.46,25245.22,Returning,Net Banking
1436,2437,2025-04-08,Kolkata,Groceries,Dal,4,122.81,491.24,Returning,Card
1437,2438,2025-04-10,Hyderabad,Electronics,Keyboard,8,1166.64,9333.12,Returning,Cash
1438,2439,2025-01-07,Delhi,Electronics,Headphones,5,2001.12,10005.6,New,Cash
1439,2440,2025-12-27,Delhi,Home,Chair,1,2747.87,2747.87,Returning,UPI
1440,2441,2025-08-31,Chennai,Electronics,Monitor,8,11976.72,95813.76,New,Cash
1441,2442,2025-04-01,Bangalore,Electronics,Webcam,3,3643.95,10931.85,New,Net Banking
1442,2443,2025-02-01,Pune,Electronics,Mouse,8,513.75,4110.0,New,Cash
1443,2444,2025-12-11,Pune,Clothing,Shirt,1,1159.84,1159.84,New,Cash
1444,2445,2025-12-09,Hyderabad,Electronics,Monitor,7,12810.52,89673.64,New,Card
1445,2446,2025-01-23,Delhi,Clothing,Shoes,2,2336.29,4672.58,New,Net Banking
1446,2447,2025-06-29,Chennai,Clothing,T-Shirt,5,572.85,2864.25,Returning,Net Banking
1447,2448,2025-02-16,Bangalore,Electronics,Webcam,8,3211.71,25693.68,New,Card
1448,2449,2025-01-06,Mumbai,Groceries,Biscuits,1,42.13,42.13,Returning,Net Banking
1449,2450,2025-11-25,Mumbai,Electronics,Keyboard,5,1280.95,6404.75,New,Cash
1450,2451,2025-03-13,Pune,Electronics,Monitor,5,11227.21,56136.05,Returning,Card
1451,2452,2025-06-01,Delhi,Clothing,Shoes,4,2338.56,9354.24,Returning,Cash
1452,2453,2025-06-28,Vizag,Electronics,Monitor,6,12188.87,73133.22,New,UPI
1453,2454,2025-08-11,Pune,Home,Pillow,4,549.38,2197.52,Returning,Card
1454,2455,2025-04-18,Delhi,Groceries,Biscuits,5,36.73,183.65,New,Net Banking
1455,2456,2025-11-20,Bangalore,Groceries,Rice,2,80.27,160.54,Returning,Card
1456,2457,2025-07-13,Hyderabad,Home,Table,6,4872.28,29233.68,Returning,UPI
1457,2458,2025-06-21,Pune,Groceries,Rice,3,78.74,236.22,New,Card
1458,2459,2025-04-06,Hyderabad,Groceries,Sugar,3,49.67,149.01,Returning,Net Banking
1459,2460,2025-05-10,Pune,Home,Chair,8,2667.05,21336.4,Returning,Net Banking
1460,2461,2025-04-30,Chennai,Home,Lamp,1,765.91,765.91,Returning,Net Banking
1461,2462,2025-03-25,Bangalore,Groceries,Biscuits,7,40.74,285.18,Returning,Card
1462,2463,2025-01-28,Chennai,Clothing,Jeans,6,1586.57,9519.42,Returning,Card
1463,2464,2025-01-01,Bangalore,Groceries,Dal,7,111.97,783.79,New,Card
1464,2465,2025-04-15,Kolkata,Groceries,Sugar,2,46.85,93.7,New,Card
1465,2466,2025-03-23,Pune,Clothing,Shirt,6,1081.19,6487.14,New,Net Banking
1466,2467,2025-08-26,Mumbai,Home,Pillow,8,516.84,4134.72,New,Net Banking
1467,2468,2025-06-17,Delhi,Clothing,Shoes,3,2449.94,7349.82,Returning,Net Banking
1468,2469,2025-10-28,Hyderabad,Electronics,Headphones,8,2067.95,16543.6,New,Card
1469,2470,2025-01-01,Kolkata,Clothing,Shoes,6,2419.93,14519.58,New,Card
1470,2471,2025-06-04,Kolkata,Clothing,Jacket,4,2726.55,10906.2,New,Cash
1471,2472,2025-06-09,Kolkata,Home,Pillow,7,465.07,3255.49,Returning,UPI
1472,2473,2025-12-16,Chennai,Groceries,Dal,3,111.93,335.79,Returning,UPI
1473,2474,2025-01-07,Bangalore,Groceries,Rice,7,84.86,594.02,Returning,Card
1474,2475,2025-12-10,Kolkata,Home,Chair,1,2493.07,2493.07,Returning,UPI
1475,2476,2025-03-01,Vizag,Groceries,Dal,5,125.81,629.05,Returning,Net Banking
1476,2477,2025-04-02,Kolkata,Groceries,Biscuits,6,36.89,221.34,Returning,UPI
1477,2478,2025-12-29,Delhi,Clothing,T-Shirt,6,653.78,3922.68,New,Net Banking
1478,2479,2025-03-04,Vizag,Home,Bedsheet,8,860.71,6885.68,Returning,Cash
1479,2480,2025-06-22,Delhi,Electronics,Webcam,6,3326.63,19959.78,New,Cash
1480,2481,2025-08-17,Pune,Clothing,Shoes,6,2458.53,14751.18,Returning,UPI
1481,2482,2025-07-22,Mumbai,Electronics,Headphones,1,2012.51,2012.51,New,UPI
1482,2483,2025-08-09,Delhi,Electronics,Keyboard,3,1231.9,3695.7,Returning,Net Banking
1483,2484,2025-06-17,Pune,Clothing,Shirt,8,1089.75,8718.0,New,Card
1484,2485,2025-11-23,Delhi,Electronics,Monitor,2,11610.65,23221.3,Returning,Net Banking
1485,2486,2025-02-10,Kolkata,Electronics,Keyboard,5,1253.18,6265.9,New,Card
1486,2487,2025-01-26,Pune,Groceries,Sugar,4,51.94,207.76,Returning,Card
1487,2488,2025-12-10,Hyderabad,Home,Lamp,3,668.76,2006.28,Returning,Card
1488,2489,2025-01-10,Kolkata,Groceries,Sugar,1,49.07,49.07,New,Cash
1489,2490,2025-04-26,Hyderabad,Groceries,Dal,6,110.33,661.98,Returning,Card
1490,2491,2025-11-08,Vizag,Electronics,Webcam,5,3659.71,18298.55,Returning,Cash
1491,2492,2025-06-13,Pune,Home,Chair,1,2421.48,2421.48,Returning,Card
1492,2493,2025-03-29,Kolkata,Home,Chair,4,2516.12,10064.48,Returning,Net Banking
1493,2494,2025-10-15,Pune,Electronics,Webcam,2,3591.97,7183.94,New,Card
1494,2495,2025-08-20,Vizag,Groceries,Sugar,5,52.51,262.55,New,Card
1495,2496,2025-08-01,Hyderabad,Clothing,Shirt,6,1215.57,7293.42,Returning,Net Banking
1496,2497,2025-03-05,Chennai,Clothing,Jacket,3,2927.06,8781.18,Returning,Card
1497,2498,2025-03-23,Kolkata,Clothing,T-Shirt,5,561.43,2807.15,Returning,Cash
1498,2499,2025-07-05,Chennai,Clothing,Jacket,5,2891.64,14458.2,Returning,Net Banking
1499,2500,2025-05-27,Vizag,Clothing,Jacket,8,3154.1,25232.8,New,Card
1500,2501,2025-06-21,Vizag,Home,Lamp,1,704.57,704.57,New,UPI
1501,2502,2025-07-30,Mumbai,Home,Table,7,5474.25,38319.75,New,Card
1502,2503,2025-07-29,Hyderabad,Clothing,Shirt,2,1223.9,2447.8,Returning,Card
1503,2504,2025-07-09,Hyderabad,Clothing,Shirt,8,1244.25,9954.0,Returning,Card
1504,2505,2025-05-03,Bangalore,Clothing,Jacket,6,3133.84,18803.04,Returning,Card
1505,2506,2025-01-16,Mumbai,Groceries,Oil,5,136.94,684.7,Returning,Net Banking
1506,2507,2025-04-01,Vizag,Clothing,Shirt,8,1317.53,10540.24,New,Cash
1507,2508,2025-02-05,Hyderabad,Clothing,Jeans,8,1566.61,12532.88,New,Net Banking
1508,2509,2025-05-14,Chennai,Home,Chair,2,2641.52,5283.04,New,Net Banking
1509,2510,2025-01-21,Pune,Home,Bedsheet,5,956.1,4780.5,Returning,Net Banking
1510,2511,2025-05-15,Chennai,Home,Bedsheet,2,836.28,1672.56,New,Cash
1511,2512,2025-09-05,Mumbai,Home,Lamp,3,757.82,2273.46,Returning,UPI
1512,2513,2025-09-09,Mumbai,Groceries,Rice,8,86.39,691.12,Returning,Cash
1513,2514,2025-12-25,Delhi,Groceries,Dal,6,126.9,761.4,Returning,UPI
1514,2515,2025-07-09,Pune,Clothing,Jeans,5,1357.78,6788.9,Returning,Cash
1515,2516,2025-08-14,Delhi,Clothing,Shirt,5,1194.07,5970.35,New,Card
1516,2517,2025-05-12,Mumbai,Clothing,Shirt,5,1286.2,6431.0,New,Card
1517,2518,2025-09-18,Kolkata,Groceries,Oil,1,142.78,142.78,Returning,Card
1518,2519,2025-07-13,Vizag,Groceries,Oil,6,150.7,904.2,New,Net Banking
1519,2520,2025-02-03,Pune,Clothing,Jacket,7,2708.54,18959.78,New,Cash
1520,2521,2025-03-03,Mumbai,Clothing,Jeans,3,1433.49,4300.47,Returning,Net Banking
1521,2522,2025-09-26,Mumbai,Home,Table,1,5339.98,5339.98,New,Cash
1522,2523,2025-09-17,Chennai,Electronics,Monitor,2,13084.87,26169.74,Returning,UPI
1523,2524,2025-04-04,Mumbai,Electronics,Monitor,4,11387.26,45549.04,New,Net Banking
1524,2525,2025-02-16,Mumbai,Clothing,T-Shirt,5,606.24,3031.2,New,Card
1525,2526,2025-10-27,Vizag,Groceries,Rice,4,75.64,302.56,Returning,UPI
1526,2527,2025-03-01,Vizag,Electronics,Headphones,2,1878.57,3757.14,New,Net Banking
1527,2528,2025-06-03,Hyderabad,Clothing,T-Shirt,4,611.8,2447.2,Returning,UPI
1528,2529,2025-05-09,Kolkata,Home,Pillow,8,549.22,4393.76,Returning,Net Banking
1529,2530,2025-11-27,Delhi,Clothing,Shoes,8,2507.1,20056.8,Returning,Card
1530,2531,2025-02-27,Bangalore,Groceries,Sugar,5,51.26,256.3,Returning,UPI
1531,2532,2025-04-02,Chennai,Groceries,Biscuits,8,39.97,319.76,Returning,Cash
1532,2533,2025-10-03,Bangalore,Electronics,Monitor,6,12330.92,73985.52,New,UPI
1533,2534,2025-06-13,Vizag,Clothing,Jeans,5,1500.53,7502.65,New,Cash
1534,2535,2025-04-09,Kolkata,Clothing,Shirt,3,1157.7,3473.1,New,Card
1535,2536,2025-08-02,Delhi,Clothing,Shoes,8,2576.75,20614.0,New,Cash
1536,2537,2025-06-20,Pune,Home,Lamp,6,650.3,3901.8,Returning,Net Banking
1537,2538,2025-01-03,Kolkata,Groceries,Dal,7,126.3,884.1,New,Net Banking
1538,2539,2025-01-10,Mumbai,Groceries,Oil,8,158.01,1264.08,New,Cash
1539,2540,2025-07-15,Pune,Groceries,Sugar,1,48.22,48.22,New,Card
1540,2541,2025-03-24,Pune,Home,Lamp,2,640.42,1280.84,Returning,Net Banking
1541,2542,2025-11-07,Kolkata,Electronics,Monitor,8,11399.63,91197.04,New,UPI
1542,2543,2025-08-13,Delhi,Electronics,Headphones,5,2015.16,10075.8,New,Net Banking
1543,2544,2025-07-31,Bangalore,Clothing,T-Shirt,6,657.26,3943.56,New,Cash
1544,2545,2025-06-17,Delhi,Clothing,Shirt,2,1185.18,2370.36,Returning,UPI
1545,2546,2025-07-04,Vizag,Clothing,T-Shirt,6,654.86,3929.16,New,Card
1546,2547,2025-06-20,Mumbai,Groceries,Dal,4,119.06,476.24,Returning,Cash
1547,2548,2025-08-07,Kolkata,Electronics,Keyboard,2,1234.14,2468.28,Returning,UPI
1548,2549,2025-08-12,Hyderabad,Electronics,Webcam,6,3161.34,18968.04,Returning,Net Banking
1549,2550,2025-02-08,Chennai,Groceries,Biscuits,6,41.07,246.42,New,Card
1550,2551,2025-04-08,Chennai,Electronics,Webcam,8,3577.02,28616.16,Returning,Cash
1551,2552,2025-02-07,Bangalore,Home,Chair,3,2575.22,7725.66,Returning,Net Banking
1552,2553,2025-01-04,Kolkata,Home,Bedsheet,7,913.45,6394.15,New,UPI
1553,2554,2025-04-25,Pune,Clothing,Shoes,7,2325.25,16276.75,Returning,Card
1554,2555,2025-03-17,Mumbai,Groceries,Biscuits,3,37.51,112.53,Returning,Card
1555,2556,2025-10-04,Pune,Electronics,Mouse,1,527.95,527.95,New,Cash
1556,2557,2025-03-25,Kolkata,Groceries,Oil,4,141.05,564.2,Returning,Card
1557,2558,2025-08-14,Chennai,Clothing,Shoes,1,2318.66,2318.66,Returning,UPI
1558,2559,2025-08-13,Kolkata,Home,Pillow,7,454.92,3184.44,New,Card
1559,2560,2025-03-31,Chennai,Home,Table,2,4592.85,9185.7,New,Card
1560,2561,2025-06-12,Kolkata,Electronics,Monitor,6,12599.24,75595.44,New,Card
1561,2562,2025-09-18,Chennai,Electronics,Webcam,6,3484.59,20907.54,Returning,UPI
1562,2563,2025-02-21,Pune,Electronics,Monitor,7,11760.74,82325.18,Returning,Cash
1563,2564,2025-12-26,Chennai,Electronics,Monitor,5,11350.46,56752.3,Returning,Net Banking
1564,2565,2025-05-08,Bangalore,Electronics,Headphones,6,1818.15,10908.9,New,Card
1565,2566,2025-02-01,Mumbai,Clothing,Jeans,8,1578.69,12629.52,Returning,Cash
1566,2567,2025-09-23,Bangalore,Home,Pillow,7,467.24,3270.68,New,Cash
1567,2568,2025-06-06,Kolkata,Electronics,Keyboard,1,1199.41,1199.41,Returning,Cash
1568,2569,2025-08-29,Hyderabad,Groceries,Rice,1,77.31,77.31,New,Net Banking
1569,2570,2025-09-26,Bangalore,Electronics,Webcam,7,3683.75,25786.25,New,UPI
1570,2571,2025-02-03,Chennai,Electronics,Headphones,4,1836.85,7347.4,Returning,Net Banking
1571,2572,2025-11-05,Hyderabad,Home,Table,8,4634.41,37075.28,Returning,Net Banking
1572,2573,2025-10-04,Pune,Home,Lamp,3,675.2,2025.6,New,Net Banking
1573,2574,2025-09-21,Bangalore,Home,Table,4,4625.83,18503.32,New,Card
1574,2575,2025-11-11,Chennai,Electronics,Mouse,7,478.23,3347.61,New,Card
1575,2576,2025-08-25,Delhi,Groceries,Oil,5,144.86,724.3,New,Cash
1576,2577,2025-01-18,Kolkata,Home,Lamp,3,711.11,2133.33,New,Card
1577,2578,2025-05-02,Bangalore,Clothing,T-Shirt,3,616.16,1848.48,Returning,Cash
1578,2579,2025-06-26,Mumbai,Electronics,Webcam,8,3488.69,27909.52,Returning,Net Banking
1579,2580,2025-03-02,Delhi,Clothing,Jacket,5,3027.53,15137.65,Returning,Cash
1580,2581,2025-09-07,Vizag,Clothing,Shoes,6,2653.49,15920.94,New,Cash
1581,2582,2025-01-14,Bangalore,Groceries,Rice,6,78.82,472.92,New,Card
1582,2583,2025-06-01,Bangalore,Home,Bedsheet,2,909.08,1818.16,Returning,Cash
1583,2584,2025-09-16,Bangalore,Home,Chair,2,2733.15,5466.3,Returning,Card
1584,2585,2025-07-01,Bangalore,Clothing,Jeans,1,1409.6,1409.6,New,Cash
1585,2586,2025-02-21,Bangalore,Clothing,Shirt,3,1169.87,3509.61,New,Card
1586,2587,2025-07-25,Delhi,Home,Pillow,5,454.89,2274.45,Returning,Net Banking
1587,2588,2025-06-03,Hyderabad,Home,Chair,6,2318.06,13908.36,New,Cash
1588,2589,2025-07-30,Bangalore,Groceries,Oil,2,136.78,273.56,New,Net Banking
1589,2590,2025-11-27,Kolkata,Clothing,Jeans,7,1585.89,11101.23,Returning,Card
1590,2591,2025-05-22,Bangalore,Clothing,Shoes,2,2363.15,4726.3,Returning,UPI
1591,2592,2025-05-22,Pune,Clothing,Jeans,8,1392.72,11141.76,New,UPI
1592,2593,2025-11-03,Vizag,Groceries,Biscuits,2,42.17,84.34,New,Net Banking
1593,2594,2025-06-24,Delhi,Groceries,Rice,8,74.46,595.68,New,Net Banking
1594,2595,2025-03-28,Vizag,Groceries,Rice,8,78.81,630.48,Returning,Card
1595,2596,2025-12-07,Vizag,Electronics,Mouse,6,474.13,2844.78,Returning,Net Banking
1596,2597,2025-05-22,Delhi,Electronics,Mouse,5,534.23,2671.15,Returning,Net Banking
1597,2598,2025-09-06,Mumbai,Groceries,Sugar,2,45.13,90.26,Returning,Card
1598,2599,2025-12-29,Vizag,Home,Lamp,2,769.62,1539.24,New,Net Banking
1599,2600,2025-11-26,Chennai,Electronics,Webcam,2,3563.24,7126.48,New,UPI
1600,2601,2025-01-21,Pune,Clothing,Shoes,7,2657.64,18603.48,Returning,Net Banking
1601,2602,2025-01-14,Mumbai,Electronics,Monitor,7,12405.76,86840.32,New,UPI
1602,2603,2025-01-15,Vizag,Groceries,Rice,5,86.73,433.65,Returning,Cash
1603,2604,2025-01-25,Pune,Groceries,Sugar,4,47.77,191.08,Returning,Cash
1604,2605,2025-06-28,Bangalore,Clothing,Jeans,6,1572.21,9433.26,Returning,UPI
1605,2606,2025-06-06,Chennai,Groceries,Sugar,4,48.17,192.68,New,Net Banking
1606,2607,2025-07-15,Mumbai,Groceries,Biscuits,8,41.12,328.96,Returning,Net Banking
1607,2608,2025-03-23,Bangalore,Groceries,Sugar,8,53.96,431.68,Returning,UPI
1608,2609,2025-12-25,Delhi,Electronics,Keyboard,5,1298.12,6490.6,New,Net Banking
1609,2610,2025-11-03,Kolkata,Electronics,Keyboard,2,1101.73,2203.46,Returning,Card
1610,2611,2025-07-17,Chennai,Groceries,Biscuits,6,39.17,235.02,Returning,UPI
1611,2612,2025-05-06,Bangalore,Groceries,Oil,8,159.78,1278.24,Returning,UPI
1612,2613,2025-04-26,Vizag,Home,Pillow,4,474.54,1898.16,New,Card
1613,2614,2025-11-10,Vizag,Electronics,Headphones,4,2185.84,8743.36,Returning,Net Banking
1614,2615,2025-10-25,Kolkata,Clothing,Jacket,3,3208.74,9626.22,Returning,Cash
1615,2616,2025-05-01,Pune,Groceries,Sugar,7,48.7,340.9,Returning,UPI
1616,2617,2025-10-24,Bangalore,Clothing,Shoes,4,2647.78,10591.12,New,Net Banking
1617,2618,2025-12-26,Mumbai,Groceries,Rice,4,83.52,334.08,Returning,Cash
1618,2619,2025-08-12,Chennai,Electronics,Monitor,8,11993.12,95944.96,New,UPI
1619,2620,2025-09-02,Bangalore,Home,Table,1,5395.84,5395.84,New,Cash
1620,2621,2025-01-15,Vizag,Electronics,Headphones,5,2178.94,10894.7,Returning,Card
1621,2622,2025-12-23,Delhi,Home,Pillow,8,480.98,3847.84,Returning,Card
1622,2623,2025-11-09,Hyderabad,Home,Pillow,6,536.27,3217.62,Returning,UPI
1623,2624,2025-03-24,Mumbai,Electronics,Webcam,2,3520.84,7041.68,New,Card
1624,2625,2025-06-19,Chennai,Clothing,T-Shirt,8,627.44,5019.52,New,Net Banking
1625,2626,2025-03-12,Pune,Home,Chair,7,2598.21,18187.47,New,UPI
1626,2627,2025-05-10,Vizag,Groceries,Sugar,3,52.07,156.21,New,Card
1627,2628,2025-11-28,Chennai,Groceries,Dal,4,113.44,453.76,Returning,Net Banking
1628,2629,2025-11-07,Hyderabad,Electronics,Webcam,5,3164.28,15821.4,New,Cash
1629,2630,2025-09-28,Hyderabad,Electronics,Keyboard,1,1311.26,1311.26,New,Cash
1630,2631,2025-10-18,Pune,Home,Lamp,1,742.01,742.01,New,Card
1631,2632,2025-04-22,Pune,Clothing,Shirt,8,1123.63,8989.04,New,Card
1632,2633,2025-12-28,Bangalore,Groceries,Biscuits,3,43.13,129.39,New,Net Banking
1633,2634,2025-03-03,Delhi,Electronics,Webcam,1,3804.71,3804.71,Returning,UPI
1634,2635,2025-09-12,Mumbai,Groceries,Oil,3,162.01,486.03,New,Cash
1635,2636,2025-03-01,Chennai,Home,Table,7,5284.06,36988.42,Returning,Card
1636,2637,2025-09-09,Mumbai,Groceries,Oil,4,163.81,655.24,Returning,UPI
1637,2638,2025-12-04,Chennai,Groceries,Rice,8,84.97,679.76,New,Cash
1638,2639,2025-03-11,Vizag,Home,Table,4,4782.56,19130.24,New,Cash
1639,2640,2025-09-09,Hyderabad,Home,Chair,7,2438.53,17069.71,Returning,UPI
1640,2641,2025-06-06,Vizag,Groceries,Biscuits,8,40.88,327.04,Returning,UPI
1641,2642,2025-10-28,Bangalore,Electronics,Keyboard,2,1153.71,2307.42,Returning,UPI
1642,2643,2025-06-30,Hyderabad,Electronics,Mouse,5,488.49,2442.45,Returning,Card
1643,2644,2025-04-06,Mumbai,Groceries,Rice,4,73.58,294.32,Returning,UPI
1644,2645,2025-11-10,Hyderabad,Clothing,Jacket,4,3042.69,12170.76,New,Net Banking
1645,2646,2025-05-04,Pune,Clothing,T-Shirt,5,540.57,2702.85,New,Net Banking
1646,2647,2025-03-14,Mumbai,Clothing,Shoes,7,2272.38,15906.66,Returning,Net Banking
1647,2648,2025-01-06,Kolkata,Groceries,Oil,5,147.28,736.4,Returning,Net Banking
1648,2649,2025-01-06,Kolkata,Groceries,Oil,8,142.6,1140.8,New,Net Banking
1649,2650,2025-03-01,Bangalore,Clothing,Jeans,2,1541.28,3082.56,Returning,UPI
1650,2651,2025-05-12,Kolkata,Clothing,Shirt,6,1120.17,6721.02,Returning,Cash
1651,2652,2025-03-03,Kolkata,Groceries,Biscuits,5,36.87,184.35,New,UPI
1652,2653,2025-01-19,Vizag,Home,Pillow,3,501.82,1505.46,Returning,UPI
1653,2654,2025-04-05,Chennai,Electronics,Keyboard,1,1279.94,1279.94,New,Card
1654,2655,2025-03-15,Vizag,Home,Table,6,4938.11,29628.66,New,Card
1655,2656,2025-03-20,Pune,Clothing,Shoes,1,2534.4,2534.4,Returning,Card
1656,2657,2025-01-29,Kolkata,Groceries,Dal,4,129.64,518.56,Returning,Card
1657,2658,2025-11-18,Mumbai,Groceries,Biscuits,2,37.8,75.6,Returning,Net Banking
1658,2659,2025-11-05,Delhi,Electronics,Monitor,2,12824.21,25648.42,New,Card
1659,2660,2025-07-29,Hyderabad,Groceries,Rice,2,82.96,165.92,New,Cash
1660,2661,2025-12-17,Mumbai,Groceries,Rice,3,86.42,259.26,New,Net Banking
1661,2662,2025-10-18,Chennai,Electronics,Webcam,1,3719.59,3719.59,New,UPI
1662,2663,2025-11-27,Kolkata,Electronics,Mouse,8,543.72,4349.76,Returning,Net Banking
1663,2664,2025-06-26,Vizag,Home,Pillow,8,511.26,4090.08,Returning,Card
1664,2665,2025-05-27,Bangalore,Home,Table,6,4723.84,28343.04,Returning,Cash
1665,2666,2025-06-03,Bangalore,Clothing,Shoes,1,2465.87,2465.87,New,Net Banking
1666,2667,2025-03-06,Pune,Home,Table,4,5487.49,21949.96,New,Net Banking
1667,2668,2025-08-16,Kolkata,Home,Chair,8,2616.72,20933.76,Returning,Cash
1668,2669,2025-09-29,Mumbai,Groceries,Sugar,7,46.33,324.31,New,Card
1669,2670,2025-12-04,Pune,Clothing,Shirt,4,1307.52,5230.08,Returning,Net Banking
1670,2671,2025-08-29,Chennai,Groceries,Sugar,4,48.93,195.72,Returning,Cash
1671,2672,2025-10-10,Bangalore,Home,Bedsheet,4,849.09,3396.36,Returning,Net Banking
1672,2673,2025-07-17,Bangalore,Clothing,Jacket,1,3116.38,3116.38,Returning,Card
1673,2674,2025-06-12,Vizag,Home,Table,4,4650.68,18602.72,New,Card
1674,2675,2025-02-03,Chennai,Home,Lamp,1,724.67,724.67,New,UPI
1675,2676,2025-07-02,Mumbai,Electronics,Headphones,2,1925.32,3850.64,New,Card
1676,2677,2025-06-11,Vizag,Groceries,Rice,6,81.97,491.82,Returning,Cash
1677,2678,2025-10-15,Bangalore,Clothing,Shoes,5,2300.75,11503.75,New,Card
1678,2679,2025-10-10,Vizag,Home,Bedsheet,7,838.49,5869.43,Returning,Card
1679,2680,2025-01-21,Bangalore,Electronics,Keyboard,8,1103.3,8826.4,Returning,Net Banking
1680,2681,2025-10-28,Pune,Home,Chair,3,2633.57,7900.71,Returning,Card
1681,2682,2025-10-18,Pune,Home,Bedsheet,8,980.39,7843.12,Returning,UPI
1682,2683,2025-06-03,Kolkata,Groceries,Rice,3,74.16,222.48,New,UPI
1683,2684,2025-02-12,Pune,Clothing,Shoes,5,2605.7,13028.5,Returning,UPI
1684,2685,2025-04-09,Delhi,Home,Pillow,6,535.13,3210.78,New,Net Banking
1685,2686,2025-12-25,Delhi,Groceries,Oil,1,154.48,154.48,Returning,Net Banking
1686,2687,2025-12-03,Vizag,Home,Lamp,1,668.2,668.2,New,Cash
1687,2688,2025-01-10,Delhi,Electronics,Keyboard,1,1256.31,1256.31,Returning,Card
1688,2689,2025-12-11,Delhi,Home,Chair,7,2267.99,15875.93,Returning,Cash
1689,2690,2025-06-25,Bangalore,Groceries,Biscuits,7,39.26,274.82,Returning,Cash
1690,2691,2025-08-19,Chennai,Clothing,Jacket,5,2860.0,14300.0,Returning,UPI
1691,2692,2025-04-01,Pune,Electronics,Keyboard,2,1138.31,2276.62,New,Card
1692,2693,2025-01-07,Pune,Clothing,T-Shirt,2,541.16,1082.32,New,Card
1693,2694,2025-01-29,Bangalore,Home,Lamp,2,715.76,1431.52,New,UPI
1694,2695,2025-12-18,Mumbai,Clothing,T-Shirt,2,540.46,1080.92,New,UPI
1695,2696,2025-04-09,Vizag,Electronics,Monitor,6,12301.08,73806.48,New,Net Banking
1696,2697,2025-10-31,Hyderabad,Clothing,Jacket,5,3138.94,15694.7,Returning,Card
1697,2698,2025-05-15,Bangalore,Electronics,Mouse,3,547.42,1642.26,New,UPI
1698,2699,2025-04-27,Bangalore,Electronics,Keyboard,3,1283.67,3851.01,Returning,Cash
1699,2700,2025-05-09,Pune,Home,Table,5,4718.26,23591.3,New,UPI
1700,2701,2025-02-02,Vizag,Groceries,Sugar,3,45.65,136.95,Returning,UPI
1701,2702,2025-12-12,Chennai,Home,Bedsheet,8,812.16,6497.28,Returning,Cash
1702,2703,2025-06-13,Vizag,Electronics,Webcam,5,3659.0,18295.0,Returning,Net Banking
1703,2704,2025-06-10,Mumbai,Groceries,Dal,5,126.32,631.6,New,Card
1704,2705,2025-08-25,Pune,Electronics,Headphones,7,1985.98,13901.86,Returning,Net Banking
1705,2706,2025-07-17,Kolkata,Home,Chair,3,2321.04,6963.12,New,Card
1706,2707,2025-01-08,Kolkata,Groceries,Dal,3,117.59,352.77,New,Card
1707,2708,2025-08-30,Bangalore,Clothing,Jeans,2,1354.92,2709.84,Returning,Cash
1708,2709,2025-06-05,Delhi,Clothing,T-Shirt,8,587.07,4696.56,New,Card
1709,2710,2025-03-23,Vizag,Home,Table,8,4932.86,39462.88,New,Cash
1710,2711,2025-11-08,Delhi,Electronics,Mouse,6,520.6,3123.6,New,Card
1711,2712,2025-06-07,Bangalore,Home,Pillow,7,499.05,3493.35,Returning,Cash
1712,2713,2025-09-29,Delhi,Home,Table,2,5099.12,10198.24,Returning,Cash
1713,2714,2025-08-17,Pune,Clothing,Shoes,8,2281.56,18252.48,Returning,Card
1714,2715,2025-06-10,Vizag,Clothing,Shoes,4,2705.07,10820.28,Returning,Cash
1715,2716,2025-11-20,Mumbai,Groceries,Oil,3,163.96,491.88,New,Card
1716,2717,2025-06-10,Chennai,Home,Table,8,5390.56,43124.48,Returning,Card
1717,2718,2025-05-17,Chennai,Groceries,Rice,8,79.4,635.2,Returning,Net Banking
1718,2719,2025-01-31,Vizag,Clothing,Shoes,3,2431.89,7295.67,New,Card
1719,2720,2025-09-05,Bangalore,Electronics,Headphones,6,2129.93,12779.58,Returning,Cash
1720,2721,2025-11-27,Mumbai,Home,Lamp,4,745.38,2981.52,New,Cash
1721,2722,2025-07-12,Kolkata,Electronics,Keyboard,5,1139.57,5697.85,New,Cash
1722,2723,2025-01-15,Kolkata,Groceries,Oil,3,143.88,431.64,New,Cash
1723,2724,2025-10-12,Bangalore,Home,Pillow,8,512.59,4100.72,Returning,Cash
1724,2725,2025-12-28,Vizag,Electronics,Headphones,8,1910.38,15283.04,Returning,Card
1725,2726,2025-06-17,Vizag,Clothing,Shoes,1,2311.96,2311.96,Returning,Card
1726,2727,2025-11-27,Pune,Groceries,Dal,1,123.09,123.09,Returning,Card
1727,2728,2025-06-15,Hyderabad,Groceries,Biscuits,1,41.15,41.15,New,Card
1728,2729,2025-02-22,Bangalore,Home,Bedsheet,2,835.18,1670.36,New,UPI
1729,2730,2025-06-25,Chennai,Groceries,Sugar,6,45.81,274.86,Returning,Net Banking
1730,2731,2025-07-22,Bangalore,Electronics,Webcam,7,3599.27,25194.89,New,Card
1731,2732,2025-05-14,Mumbai,Home,Pillow,2,526.28,1052.56,New,UPI
1732,2733,2025-01-22,Mumbai,Electronics,Mouse,4,497.87,1991.48,New,Card
1733,2734,2025-11-21,Kolkata,Clothing,Shirt,6,1157.51,6945.06,New,Cash
1734,2735,2025-01-21,Mumbai,Home,Bedsheet,7,909.01,6363.07,New,Card
1735,2736,2025-12-26,Chennai,Clothing,Shirt,8,1081.72,8653.76,Returning,Card
1736,2737,2025-11-18,Delhi,Home,Pillow,3,503.62,1510.86,Returning,Cash
1737,2738,2025-05-12,Pune,Home,Pillow,4,525.42,2101.68,New,Cash
1738,2739,2025-08-20,Hyderabad,Groceries,Dal,2,123.61,247.22,Returning,Net Banking
1739,2740,2025-02-24,Mumbai,Clothing,Jeans,2,1362.5,2725.0,New,Cash
1740,2741,2025-01-28,Mumbai,Clothing,Shirt,5,1166.63,5833.15,Returning,Card
1741,2742,2025-04-03,Pune,Electronics,Headphones,1,1886.57,1886.57,New,Net Banking
1742,2743,2025-11-05,Bangalore,Home,Lamp,8,767.79,6142.32,Returning,Net Banking
1743,2744,2025-01-01,Hyderabad,Groceries,Oil,2,153.49,306.98,New,UPI
1744,2745,2025-10-18,Bangalore,Groceries,Rice,5,79.12,395.6,New,UPI
1745,2746,2025-07-10,Chennai,Groceries,Oil,4,164.13,656.52,Returning,Net Banking
1746,2747,2025-06-04,Bangalore,Electronics,Headphones,1,2159.41,2159.41,Returning,Net Banking
1747,2748,2025-09-01,Bangalore,Clothing,T-Shirt,1,645.63,645.63,New,UPI
1748,2749,2025-10-24,Delhi,Electronics,Keyboard,8,1288.75,10310.0,Returning,UPI
1749,2750,2025-07-23,Kolkata,Home,Bedsheet,3,848.79,2546.37,New,UPI
1750,2751,2025-01-07,Hyderabad,Home,Chair,8,2456.21,19649.68,New,Cash
1751,2752,2025-01-13,Delhi,Groceries,Dal,4,127.25,509.0,New,Card
1752,2753,2025-08-11,Vizag,Home,Bedsheet,1,967.23,967.23,New,UPI
1753,2754,2025-08-22,Vizag,Groceries,Sugar,2,50.98,101.96,New,Cash
1754,2755,2025-11-24,Pune,Groceries,Biscuits,3,38.57,115.71,Returning,Card
1755,2756,2025-05-30,Bangalore,Home,Lamp,8,767.69,6141.52,Returning,Net Banking
1756,2757,2025-03-12,Pune,Groceries,Dal,2,122.45,244.9,Returning,Net Banking
1757,2758,2025-06-25,Bangalore,Home,Table,3,5389.74,16169.22,Returning,Card
1758,2759,2025-08-03,Chennai,Clothing,Jeans,7,1374.52,9621.64,New,UPI
1759,2760,2025-12-17,Pune,Electronics,Headphones,3,2095.88,6287.64,Returning,UPI
1760,2761,2025-07-21,Mumbai,Groceries,Sugar,7,50.23,351.61,Returning,Net Banking
1761,2762,2025-12-22,Mumbai,Electronics,Keyboard,8,1117.37,8938.96,New,UPI
1762,2763,2025-06-06,Mumbai,Home,Pillow,2,519.49,1038.98,Returning,Cash
1763,2764,2025-04-08,Hyderabad,Clothing,Shirt,2,1308.37,2616.74,New,UPI
1764,2765,2025-12-15,Chennai,Groceries,Rice,4,74.97,299.88,New,Cash
1765,2766,2025-12-05,Kolkata,Home,Bedsheet,7,980.08,6860.56,New,Cash
1766,2767,2025-08-08,Vizag,Groceries,Dal,6,113.0,678.0,New,Net Banking
1767,2768,2025-05-11,Vizag,Electronics,Monitor,6,11643.59,69861.54,Returning,UPI
1768,2769,2025-12-17,Vizag,Home,Table,6,5449.12,32694.72,New,Net Banking
1769,2770,2025-10-06,Chennai,Electronics,Monitor,2,11939.69,23879.38,New,Card
1770,2771,2025-05-04,Vizag,Electronics,Monitor,7,12597.73,88184.11,New,Cash
1771,2772,2025-07-30,Chennai,Groceries,Biscuits,8,37.73,301.84,New,Card
1772,2773,2025-04-03,Vizag,Electronics,Webcam,8,3198.37,25586.96,Returning,Net Banking
1773,2774,2025-09-09,Bangalore,Electronics,Headphones,2,2079.29,4158.58,Returning,Cash
1774,2775,2025-08-07,Chennai,Clothing,T-Shirt,5,612.13,3060.65,New,UPI
1775,2776,2025-07-18,Bangalore,Clothing,Jacket,8,2849.43,22795.44,Returning,UPI
1776,2777,2025-12-16,Vizag,Groceries,Oil,4,145.2,580.8,New,Net Banking
1777,2778,2025-11-06,Hyderabad,Electronics,Mouse,3,463.92,1391.76,Returning,Net Banking
1778,2779,2025-12-22,Pune,Groceries,Dal,1,125.0,125.0,New,Net Banking
1779,2780,2025-12-26,Kolkata,Home,Bedsheet,5,888.53,4442.65,New,UPI
1780,2781,2025-09-17,Mumbai,Electronics,Headphones,6,1989.85,11939.1,New,UPI
1781,2782,2025-12-07,Mumbai,Electronics,Keyboard,2,1216.9,2433.8,Returning,Cash
1782,2783,2025-12-03,Bangalore,Groceries,Dal,2,131.3,262.6,Returning,UPI
1783,2784,2025-03-10,Kolkata,Electronics,Keyboard,4,1115.37,4461.48,New,Cash
1784,2785,2025-12-07,Delhi,Electronics,Webcam,1,3228.93,3228.93,New,Cash
1785,2786,2025-04-20,Mumbai,Clothing,Shoes,4,2680.29,10721.16,Returning,Net Banking
1786,2787,2025-10-11,Chennai,Home,Pillow,2,467.24,934.48,New,Card
1787,2788,2025-02-07,Bangalore,Clothing,T-Shirt,8,601.61,4812.88,New,Net Banking
1788,2789,2025-08-10,Hyderabad,Groceries,Oil,5,147.19,735.95,Returning,Net Banking
1789,2790,2025-11-07,Mumbai,Electronics,Keyboard,6,1173.79,7042.74,New,Net Banking
1790,2791,2025-05-28,Vizag,Home,Pillow,4,509.9,2039.6,New,Net Banking
1791,2792,2025-12-27,Bangalore,Electronics,Monitor,2,12148.05,24296.1,New,Cash
1792,2793,2025-06-24,Delhi,Groceries,Dal,5,119.15,595.75,Returning,Cash
1793,2794,2025-12-19,Bangalore,Home,Table,8,4886.09,39088.72,Returning,Cash
1794,2795,2025-11-12,Chennai,Electronics,Monitor,6,12078.57,72471.42,Returning,Cash
1795,2796,2025-06-15,Mumbai,Groceries,Sugar,4,48.13,192.52,New,Cash
1796,2797,2025-07-30,Delhi,Groceries,Oil,6,150.53,903.18,Returning,Net Banking
1797,2798,2025-12-19,Delhi,Clothing,Shirt,3,1272.54,3817.62,New,Cash
1798,2799,2025-03-30,Chennai,Groceries,Oil,8,152.45,1219.6,Returning,Card
1799,2800,2025-11-28,Vizag,Clothing,Shirt,6,1123.94,6743.64,Returning,Card
1800,2801,2025-08-24,Pune,Home,Chair,5,2716.24,13581.2,New,Cash
1801,2802,2025-10-09,Kolkata,Electronics,Headphones,2,2186.61,4373.22,New,UPI
1802,2803,2025-10-09,Delhi,Clothing,Shoes,8,2477.38,19819.04,Returning,Card
1803,2804,2025-09-08,Chennai,Groceries,Rice,7,82.05,574.35,Returning,Net Banking
1804,2805,2025-03-04,Pune,Home,Lamp,2,649.56,1299.12,New,UPI
1805,2806,2025-05-18,Bangalore,Electronics,Headphones,2,2019.4,4038.8,New,Net Banking
1806,2807,2025-06-22,Delhi,Clothing,T-Shirt,1,541.18,541.18,Returning,Net Banking
1807,2808,2025-10-20,Delhi,Clothing,Jeans,4,1535.49,6141.96,Returning,Card
1808,2809,2025-03-29,Kolkata,Clothing,T-Shirt,6,631.48,3788.88,New,UPI
1809,2810,2025-03-05,Chennai,Clothing,T-Shirt,5,637.15,3185.75,New,Net Banking
1810,2811,2025-03-30,Mumbai,Clothing,Jeans,8,1532.88,12263.04,Returning,UPI
1811,2812,2025-11-04,Kolkata,Electronics,Keyboard,5,1184.45,5922.25,Returning,Card
1812,2813,2025-08-16,Vizag,Clothing,T-Shirt,2,589.02,1178.04,New,Net Banking
1813,2814,2025-12-11,Vizag,Home,Bedsheet,5,846.92,4234.6,Returning,Cash
1814,2815,2025-07-18,Vizag,Groceries,Rice,8,80.12,640.96,New,Cash
1815,2816,2025-07-26,Mumbai,Clothing,T-Shirt,7,560.21,3921.47,New,Cash
1816,2817,2025-05-29,Mumbai,Groceries,Dal,5,113.97,569.85,Returning,Net Banking
1817,2818,2025-02-03,Vizag,Electronics,Webcam,4,3601.83,14407.32,New,Net Banking
1818,2819,2025-08-12,Vizag,Groceries,Sugar,7,45.2,316.4,Returning,UPI
1819,2820,2025-07-07,Delhi,Home,Lamp,6,662.0,3972.0,Returning,Card
1820,2821,2025-07-15,Pune,Clothing,Jeans,4,1603.77,6415.08,New,Card
1821,2822,2025-10-11,Hyderabad,Electronics,Keyboard,2,1227.71,2455.42,Returning,UPI
1822,2823,2025-08-12,Delhi,Groceries,Dal,3,115.04,345.12,New,Card
1823,2824,2025-04-29,Chennai,Home,Lamp,3,702.87,2108.61,New,Card
1824,2825,2025-03-27,Mumbai,Groceries,Biscuits,8,43.54,348.32,New,Card
1825,2826,2025-04-02,Chennai,Electronics,Mouse,2,476.9,953.8,Returning,Cash
1826,2827,2025-01-05,Pune,Clothing,Jeans,3,1423.69,4271.07,New,Cash
1827,2828,2025-03-27,Hyderabad,Electronics,Webcam,1,3425.66,3425.66,Returning,Card
1828,2829,2025-05-23,Vizag,Clothing,Jeans,6,1522.16,9132.96,New,Net Banking
1829,2830,2025-11-07,Hyderabad,Clothing,T-Shirt,4,559.45,2237.8,New,Net Banking
1830,2831,2025-09-08,Kolkata,Clothing,T-Shirt,5,595.29,2976.45,Returning,Net Banking
1831,2832,2025-09-26,Kolkata,Groceries,Biscuits,7,42.01,294.07,New,Net Banking
1832,2833,2025-07-08,Delhi,Clothing,T-Shirt,4,548.81,2195.24,New,Net Banking
1833,2834,2025-06-11,Vizag,Home,Chair,5,2436.81,12184.05,New,UPI
1834,2835,2025-10-30,Bangalore,Clothing,Jacket,3,2969.96,8909.88,Returning,Net Banking
1835,2836,2025-08-13,Delhi,Clothing,Jeans,1,1620.15,1620.15,Returning,Net Banking
1836,2837,2025-08-26,Bangalore,Home,Chair,6,2691.19,16147.14,Returning,UPI
1837,2838,2025-01-28,Pune,Clothing,Jeans,2,1438.63,2877.26,Returning,Net Banking
1838,2839,2025-09-20,Vizag,Home,Bedsheet,5,873.86,4369.3,New,Net Banking
1839,2840,2025-09-17,Bangalore,Electronics,Headphones,6,1877.39,11264.34,New,UPI
1840,2841,2025-09-18,Mumbai,Clothing,Shirt,5,1094.37,5471.85,Returning,UPI
1841,2842,2025-08-24,Pune,Home,Chair,6,2649.26,15895.56,Returning,Cash
1842,2843,2025-09-07,Kolkata,Groceries,Rice,2,86.14,172.28,New,UPI
1843,2844,2025-08-14,Delhi,Clothing,Jacket,6,3096.37,18578.22,New,Card
1844,2845,2025-04-23,Hyderabad,Clothing,T-Shirt,7,573.09,4011.63,New,Cash
1845,2846,2025-04-10,Kolkata,Electronics,Keyboard,4,1180.41,4721.64,New,Net Banking
1846,2847,2025-03-25,Hyderabad,Groceries,Oil,1,164.73,164.73,Returning,Net Banking
1847,2848,2025-03-26,Vizag,Electronics,Keyboard,8,1299.63,10397.04,New,UPI
1848,2849,2025-05-13,Pune,Home,Lamp,6,749.08,4494.48,Returning,Card
1849,2850,2025-01-12,Kolkata,Groceries,Biscuits,4,37.81,151.24,Returning,Cash
1850,2851,2025-07-27,Hyderabad,Groceries,Biscuits,5,39.99,199.95,Returning,Cash
1851,2852,2025-04-23,Mumbai,Electronics,Keyboard,4,1282.68,5130.72,Returning,Card
1852,2853,2025-07-24,Kolkata,Electronics,Webcam,6,3438.85,20633.1,Returning,Cash
1853,2854,2025-12-06,Chennai,Electronics,Keyboard,3,1229.53,3688.59,Returning,UPI
1854,2855,2025-08-31,Hyderabad,Home,Chair,7,2327.02,16289.14,Returning,Cash
1855,2856,2025-09-09,Kolkata,Electronics,Headphones,4,1994.61,7978.44,New,Net Banking
1856,2857,2025-03-26,Pune,Home,Pillow,5,474.32,2371.6,New,Cash
1857,2858,2025-01-05,Bangalore,Home,Bedsheet,2,824.78,1649.56,Returning,Net Banking
1858,2859,2025-04-01,Hyderabad,Electronics,Keyboard,1,1080.5,1080.5,New,Cash
1859,2860,2025-06-08,Pune,Groceries,Sugar,2,45.4,90.8,New,UPI
1860,2861,2025-04-09,Bangalore,Electronics,Mouse,1,532.14,532.14,Returning,Net Banking
1861,2862,2025-09-27,Chennai,Electronics,Headphones,5,2046.17,10230.85,Returning,Card
1862,2863,2025-12-25,Chennai,Electronics,Monitor,5,11177.75,55888.75,Returning,Card
1863,2864,2025-12-07,Bangalore,Groceries,Rice,7,85.63,599.41,Returning,Net Banking
1864,2865,2025-12-28,Kolkata,Groceries,Biscuits,5,38.35,191.75,Returning,Card
1865,2866,2025-03-18,Bangalore,Groceries,Sugar,4,47.41,189.64,New,UPI
1866,2867,2025-08-18,Bangalore,Electronics,Webcam,2,3253.38,6506.76,New,UPI
1867,2868,2025-09-04,Kolkata,Groceries,Sugar,6,50.79,304.74,Returning,UPI
1868,2869,2025-07-06,Bangalore,Groceries,Oil,8,154.69,1237.52,Returning,Card
1869,2870,2025-05-10,Kolkata,Groceries,Rice,1,72.5,72.5,New,Net Banking
1870,2871,2025-06-17,Kolkata,Home,Chair,6,2474.81,14848.86,Returning,Card
1871,2872,2025-09-07,Pune,Electronics,Keyboard,5,1179.79,5898.95,New,UPI
1872,2873,2025-04-14,Bangalore,Clothing,Jeans,8,1637.12,13096.96,Returning,UPI
1873,2874,2025-07-10,Pune,Electronics,Headphones,6,2120.08,12720.48,New,UPI
1874,2875,2025-06-20,Delhi,Home,Table,4,4711.06,18844.24,Returning,Card
1875,2876,2025-10-30,Delhi,Home,Bedsheet,8,983.55,7868.4,Returning,UPI
1876,2877,2025-11-18,Chennai,Groceries,Sugar,1,49.07,49.07,Returning,Net Banking
1877,2878,2025-10-30,Mumbai,Home,Table,4,5423.09,21692.36,Returning,Cash
1878,2879,2025-10-24,Delhi,Groceries,Rice,4,82.69,330.76,Returning,Cash
1879,2880,2025-08-19,Mumbai,Electronics,Webcam,4,3178.38,12713.52,Returning,UPI
1880,2881,2025-05-21,Kolkata,Home,Bedsheet,2,954.43,1908.86,New,Cash
1881,2882,2025-10-10,Delhi,Electronics,Monitor,4,12081.82,48327.28,New,Card
1882,2883,2025-12-02,Mumbai,Home,Table,6,4677.24,28063.44,New,Net Banking
1883,2884,2025-01-11,Chennai,Electronics,Headphones,4,2178.63,8714.52,New,Cash
1884,2885,2025-08-07,Mumbai,Clothing,Shoes,5,2457.79,12288.95,New,Cash
1885,2886,2025-12-21,Chennai,Electronics,Headphones,5,2199.15,10995.75,New,Card
1886,2887,2025-05-19,Bangalore,Electronics,Mouse,4,456.6,1826.4,New,Net Banking
1887,2888,2025-09-04,Delhi,Groceries,Rice,8,80.17,641.36,New,Cash
1888,2889,2025-04-07,Delhi,Electronics,Headphones,3,1955.15,5865.45,New,UPI
1889,2890,2025-09-25,Mumbai,Electronics,Keyboard,3,1162.1,3486.3,Returning,Cash
1890,2891,2025-08-10,Chennai,Electronics,Headphones,7,2117.07,14819.49,Returning,Card
1891,2892,2025-12-24,Chennai,Clothing,Jeans,8,1582.04,12656.32,New,Net Banking
1892,2893,2025-04-12,Hyderabad,Home,Chair,6,2571.26,15427.56,New,Net Banking
1893,2894,2025-12-07,Pune,Clothing,T-Shirt,6,542.05,3252.3,Returning,Net Banking
1894,2895,2025-02-19,Chennai,Electronics,Headphones,8,1834.09,14672.72,New,Net Banking
1895,2896,2025-01-17,Pune,Home,Table,6,4619.75,27718.5,New,Cash
1896,2897,2025-01-29,Delhi,Home,Lamp,1,750.21,750.21,New,Cash
1897,2898,2025-07-30,Chennai,Home,Pillow,5,483.99,2419.95,Returning,UPI
1898,2899,2025-01-14,Delhi,Home,Lamp,5,686.96,3434.8,Returning,Card
1899,2900,2025-02-18,Delhi,Electronics,Keyboard,2,1167.01,2334.02,Returning,Cash
1900,2901,2025-02-10,Mumbai,Electronics,Keyboard,4,1219.73,4878.92,New,Cash
1901,2902,2025-10-09,Delhi,Groceries,Biscuits,2,42.49,84.98,Returning,UPI
1902,2903,2025-08-04,Chennai,Home,Bedsheet,5,975.39,4876.95,Returning,Cash
1903,2904,2025-10-29,Hyderabad,Electronics,Keyboard,2,1102.64,2205.28,New,Net Banking
1904,2905,2025-02-24,Delhi,Electronics,Monitor,6,11774.37,70646.22,New,Card
1905,2906,2025-10-19,Chennai,Electronics,Headphones,3,1874.05,5622.15,New,Net Banking
1906,2907,2025-12-16,Mumbai,Clothing,Jeans,3,1571.36,4714.08,Returning,UPI
1907,2908,2025-05-02,Hyderabad,Groceries,Biscuits,4,39.94,159.76,Returning,Card
1908,2909,2025-07-27,Kolkata,Home,Pillow,5,484.43,2422.15,Returning,Cash
1909,2910,2025-05-11,Vizag,Clothing,Shirt,2,1249.66,2499.32,New,UPI
1910,2911,2025-12-20,Bangalore,Home,Table,4,5246.79,20987.16,New,UPI
1911,2912,2025-05-08,Hyderabad,Clothing,Jeans,1,1419.26,1419.26,New,Net Banking
1912,2913,2025-10-22,Hyderabad,Clothing,Jeans,5,1637.82,8189.1,New,UPI
1913,2914,2025-08-17,Bangalore,Electronics,Monitor,2,11619.26,23238.52,New,UPI
1914,2915,2025-09-23,Delhi,Groceries,Sugar,7,48.79,341.53,Returning,Card
1915,2916,2025-12-07,Mumbai,Clothing,Jeans,7,1455.95,10191.65,Returning,Net Banking
1916,2917,2025-08-10,Vizag,Groceries,Dal,1,114.05,114.05,New,UPI
1917,2918,2025-02-26,Delhi,Electronics,Monitor,5,11289.22,56446.1,New,Cash
1918,2919,2025-08-31,Chennai,Groceries,Oil,7,158.07,1106.49,Returning,Cash
1919,2920,2025-05-22,Vizag,Groceries,Oil,8,141.03,1128.24,Returning,Cash
1920,2921,2025-03-10,Hyderabad,Clothing,Jacket,4,2962.88,11851.52,New,Net Banking
1921,2922,2025-07-09,Delhi,Home,Pillow,3,460.98,1382.94,New,Cash
1922,2923,2025-02-24,Mumbai,Groceries,Dal,1,109.51,109.51,Returning,Cash
1923,2924,2025-09-28,Hyderabad,Clothing,Shirt,3,1230.6,3691.8,New,UPI
1924,2925,2025-01-01,Vizag,Groceries,Biscuits,7,40.54,283.78,New,Card
1925,2926,2025-05-20,Mumbai,Electronics,Headphones,7,1900.47,13303.29,Returning,Cash
1926,2927,2025-05-06,Pune,Electronics,Monitor,8,12299.09,98392.72,New,Cash
1927,2928,2025-09-10,Mumbai,Groceries,Dal,4,120.78,483.12,Returning,UPI
1928,2929,2025-01-23,Mumbai,Electronics,Mouse,3,473.13,1419.39,Returning,Net Banking
1929,2930,2025-04-24,Mumbai,Electronics,Mouse,8,521.84,4174.72,New,Cash
1930,2931,2025-10-28,Kolkata,Electronics,Mouse,5,451.17,2255.85,New,Cash
1931,2932,2025-05-02,Chennai,Home,Pillow,2,484.08,968.16,New,Cash
1932,2933,2025-10-05,Bangalore,Clothing,T-Shirt,8,622.68,4981.44,New,Net Banking
1933,2934,2025-09-15,Mumbai,Clothing,Jacket,6,2760.06,16560.36,Returning,UPI
1934,2935,2025-10-12,Bangalore,Home,Lamp,6,735.47,4412.82,New,UPI
1935,2936,2025-03-22,Mumbai,Electronics,Headphones,4,1868.83,7475.32,New,Card
1936,2937,2025-08-24,Hyderabad,Clothing,Jeans,4,1389.79,5559.16,Returning,Card
1937,2938,2025-04-15,Pune,Clothing,T-Shirt,2,627.09,1254.18,Returning,Net Banking
1938,2939,2025-01-04,Bangalore,Clothing,T-Shirt,3,596.85,1790.55,Returning,UPI
1939,2940,2025-03-22,Mumbai,Clothing,Jacket,2,2750.9,5501.8,New,Card
1940,2941,2025-03-27,Delhi,Home,Bedsheet,7,851.27,5958.89,Returning,Net Banking
1941,2942,2025-08-06,Bangalore,Clothing,Shirt,4,1308.87,5235.48,Returning,Cash
1942,2943,2025-01-11,Mumbai,Groceries,Sugar,4,54.26,217.04,Returning,Cash
1943,2944,2025-10-25,Chennai,Home,Table,8,5427.25,43418.0,New,UPI
1944,2945,2025-07-22,Bangalore,Clothing,Shirt,2,1214.42,2428.84,New,Card
1945,2946,2025-09-18,Chennai,Clothing,Jeans,4,1622.4,6489.6,New,UPI
1946,2947,2025-06-20,Bangalore,Groceries,Biscuits,2,38.08,76.16,New,UPI
1947,2948,2025-04-23,Chennai,Home,Chair,4,2319.86,9279.44,New,Net Banking
1948,2949,2025-06-14,Vizag,Electronics,Monitor,2,12570.58,25141.16,New,Cash
1949,2950,2025-01-14,Hyderabad,Groceries,Rice,1,84.25,84.25,New,UPI
1950,2951,2025-04-08,Vizag,Groceries,Oil,2,137.48,274.96,New,Net Banking
1951,2952,2025-06-30,Pune,Groceries,Rice,1,83.51,83.51,Returning,UPI
1952,2953,2025-10-07,Bangalore,Groceries,Sugar,5,46.59,232.95,Returning,Cash
1953,2954,2025-05-28,Hyderabad,Home,Table,2,4650.58,9301.16,Returning,Net Banking
1954,2955,2025-01-23,Hyderabad,Home,Bedsheet,7,894.12,6258.84,New,Cash
1955,2956,2025-02-15,Pune,Clothing,Jacket,6,3082.0,18492.0,Returning,Card
1956,2957,2025-03-18,Delhi,Home,Chair,2,2367.9,4735.8,New,Cash
1957,2958,2025-03-29,Kolkata,Groceries,Rice,6,76.96,461.76,New,UPI
1958,2959,2025-07-30,Vizag,Home,Bedsheet,7,847.42,5931.94,Returning,UPI
1959,2960,2025-01-25,Chennai,Clothing,Jeans,2,1368.21,2736.42,Returning,Cash
1960,2961,2025-05-13,Bangalore,Electronics,Webcam,1,3333.13,3333.13,Returning,Net Banking
1961,2962,2025-04-07,Chennai,Clothing,Shirt,4,1170.74,4682.96,Returning,Cash
1962,2963,2025-07-24,Delhi,Clothing,Jeans,2,1392.45,2784.9,New,Cash
1963,2964,2025-08-03,Bangalore,Home,Lamp,3,632.9,1898.7,New,Net Banking
1964,2965,2025-05-09,Chennai,Clothing,T-Shirt,5,655.29,3276.45,Returning,UPI
1965,2966,2025-07-11,Delhi,Home,Lamp,7,651.93,4563.51,New,Card
1966,2967,2025-12-16,Bangalore,Home,Pillow,6,483.99,2903.94,Returning,Card
1967,2968,2025-07-30,Delhi,Electronics,Mouse,8,487.73,3901.84,Returning,UPI
1968,2969,2025-12-24,Bangalore,Clothing,T-Shirt,6,568.97,3413.82,Returning,Cash
1969,2970,2025-06-24,Hyderabad,Clothing,Jacket,1,3104.21,3104.21,Returning,UPI
1970,2971,2025-04-17,Pune,Groceries,Oil,4,162.49,649.96,New,Cash
1971,2972,2025-03-14,Chennai,Groceries,Rice,7,83.66,585.62,New,UPI
1972,2973,2025-03-05,Hyderabad,Home,Table,8,5221.25,41770.0,New,Card
1973,2974,2025-07-27,Pune,Electronics,Keyboard,8,1132.03,9056.24,New,UPI
1974,2975,2025-11-10,Vizag,Home,Bedsheet,2,982.12,1964.24,Returning,Net Banking
1975,2976,2025-09-26,Hyderabad,Electronics,Monitor,7,12669.39,88685.73,New,Card
1976,2977,2025-06-21,Kolkata,Clothing,T-Shirt,1,610.33,610.33,New,Card
1977,2978,2025-11-23,Vizag,Electronics,Keyboard,7,1160.12,8120.84,Returning,Cash
1978,2979,2025-12-15,Mumbai,Electronics,Monitor,1,12917.48,12917.48,Returning,Cash
1979,2980,2025-11-06,Chennai,Groceries,Oil,1,137.29,137.29,New,Cash
1980,2981,2025-07-23,Vizag,Electronics,Webcam,5,3308.09,16540.45,Returning,UPI
1981,2982,2025-03-22,Mumbai,Clothing,Jacket,4,2802.36,11209.44,New,UPI
1982,2983,2025-08-03,Chennai,Clothing,Jacket,5,2901.11,14505.55,New,Cash
1983,2984,2025-07-28,Hyderabad,Electronics,Headphones,3,2007.87,6023.61,Returning,UPI
1984,2985,2025-08-08,Kolkata,Groceries,Oil,8,163.07,1304.56,New,UPI
1985,2986,2025-01-10,Hyderabad,Electronics,Keyboard,7,1267.27,8870.89,New,UPI
1986,2987,2025-11-08,Chennai,Clothing,Shoes,7,2448.92,17142.44,New,Net Banking
1987,2988,2025-04-19,Chennai,Clothing,Jacket,2,2892.23,5784.46,New,Card
1988,2989,2025-08-09,Bangalore,Groceries,Sugar,6,45.52,273.12,Returning,UPI
1989,2990,2025-11-26,Bangalore,Home,Chair,7,2631.53,18420.71,New,Cash
1990,2991,2025-10-11,Hyderabad,Groceries,Rice,2,75.87,151.74,Returning,Card
1991,2992,2025-12-08,Bangalore,Groceries,Sugar,4,49.77,199.08,Returning,UPI
1992,2993,2025-03-05,Hyderabad,Clothing,Jeans,6,1534.35,9206.1,New,Cash
1993,2994,2025-10-17,Chennai,Home,Bedsheet,1,901.33,901.33,Returning,Cash
1994,2995,2025-10-26,Bangalore,Clothing,T-Shirt,8,659.03,5272.24,Returning,Net Banking
1995,2996,2025-09-25,Delhi,Home,Lamp,8,642.55,5140.4,New,Cash
1996,2997,2025-10-17,Chennai,Home,Table,4,4646.93,18587.72,Returning,UPI
1997,2998,2025-04-08,Chennai,Groceries,Biscuits,4,43.63,174.52,New,Card
1998,2999,2025-10-14,Hyderabad,Groceries,Oil,7,147.13,1029.91,Returning,UPI
1999,3000,2025-08-23,Kolkata,Home,Pillow,7,514.02,3598.14,New,Net Banking
2000,3001,2025-04-27,Mumbai,Clothing,Jeans,5,1518.5,7592.5,Returning,Cash
2001,3002,2025-10-15,Hyderabad,Clothing,Shirt,3,1237.74,3713.22,Returning,UPI
2002,3003,2025-12-22,Kolkata,Groceries,Dal,2,131.56,263.12,Returning,UPI
2003,3004,2025-03-17,Kolkata,Clothing,Jacket,6,3026.7,18160.2,Returning,UPI
2004,3005,2025-11-19,Chennai,Home,Table,7,4844.72,33913.04,New,UPI
2005,3006,2025-12-18,Bangalore,Home,Chair,2,2586.01,5172.02,New,Cash
2006,3007,2025-05-17,Kolkata,Groceries,Rice,5,85.49,427.45,New,Card
2007,3008,2025-01-21,Hyderabad,Groceries,Biscuits,5,41.01,205.05,New,Net Banking
2008,3009,2025-09-21,Kolkata,Clothing,T-Shirt,1,620.13,620.13,Returning,Net Banking
2009,3010,2025-07-18,Mumbai,Electronics,Mouse,2,533.37,1066.74,New,UPI
2010,3011,2025-01-14,Hyderabad,Clothing,Shirt,6,1277.65,7665.9,New,Net Banking
2011,3012,2025-11-19,Chennai,Electronics,Webcam,5,3206.07,16030.35,Returning,UPI
2012,3013,2025-09-25,Mumbai,Home,Chair,3,2681.45,8044.35,Returning,Net Banking
2013,3014,2025-05-24,Delhi,Clothing,T-Shirt,6,566.46,3398.76,New,Net Banking
2014,3015,2025-01-30,Vizag,Home,Chair,5,2445.37,12226.85,New,Net Banking
2015,3016,2025-10-12,Chennai,Home,Pillow,3,484.46,1453.38,Returning,Net Banking
2016,3017,2025-11-05,Chennai,Home,Bedsheet,3,911.78,2735.34,Returning,UPI
2017,3018,2025-04-10,Mumbai,Home,Table,5,4567.16,22835.8,New,Net Banking
2018,3019,2025-06-10,Pune,Clothing,T-Shirt,3,654.5,1963.5,New,Card
2019,3020,2025-02-10,Vizag,Groceries,Dal,2,119.21,238.42,New,Card
2020,3021,2025-01-01,Kolkata,Clothing,T-Shirt,2,612.35,1224.7,New,Card
2021,3022,2025-09-11,Pune,Home,Pillow,6,463.24,2779.44,Returning,UPI
2022,3023,2025-12-08,Delhi,Clothing,Jeans,8,1372.3,10978.4,Returning,Cash
2023,3024,2025-07-22,Delhi,Electronics,Keyboard,6,1091.47,6548.82,New,UPI
2024,3025,2025-05-02,Vizag,Home,Lamp,5,769.29,3846.45,New,Cash
2025,3026,2025-03-14,Vizag,Electronics,Monitor,8,12082.04,96656.32,Returning,Card
2026,3027,2025-11-24,Chennai,Clothing,T-Shirt,1,640.07,640.07,Returning,Card
2027,3028,2025-08-03,Bangalore,Electronics,Keyboard,5,1204.66,6023.3,Returning,Net Banking
2028,3029,2025-04-29,Mumbai,Home,Pillow,7,536.66,3756.62,New,Card
2029,3030,2025-10-21,Vizag,Groceries,Dal,1,116.12,116.12,New,Net Banking
2030,3031,2025-12-25,Hyderabad,Home,Chair,2,2476.79,4953.58,Returning,Net Banking
2031,3032,2025-01-08,Pune,Clothing,Jacket,3,3216.06,9648.18,New,Net Banking
2032,3033,2025-11-19,Pune,Clothing,T-Shirt,3,561.65,1684.95,Returning,Card
2033,3034,2025-06-21,Vizag,Electronics,Monitor,6,10835.6,65013.6,New,Cash
2034,3035,2025-09-25,Bangalore,Home,Table,3,5232.49,15697.47,New,Card
2035,3036,2025-11-01,Hyderabad,Groceries,Biscuits,7,43.75,306.25,Returning,Card
2036,3037,2025-01-09,Bangalore,Home,Table,5,5283.35,26416.75,New,UPI
2037,3038,2025-10-05,Kolkata,Groceries,Rice,4,82.6,330.4,Returning,Cash
2038,3039,2025-11-09,Chennai,Clothing,Shoes,6,2673.07,16038.42,New,Cash
2039,3040,2025-01-19,Vizag,Groceries,Dal,8,131.1,1048.8,New,Cash
2040,3041,2025-09-02,Mumbai,Clothing,Jeans,7,1484.27,10389.89,New,UPI
2041,3042,2025-11-11,Chennai,Home,Lamp,7,739.23,5174.61,Returning,Net Banking
2042,3043,2025-10-22,Kolkata,Home,Chair,3,2678.51,8035.53,Returning,Card
2043,3044,2025-01-20,Pune,Clothing,Shoes,4,2496.95,9987.8,New,Net Banking
2044,3045,2025-05-18,Hyderabad,Clothing,Jeans,6,1365.56,8193.36,Returning,Net Banking
2045,3046,2025-10-19,Hyderabad,Home,Table,6,5185.61,31113.66,New,UPI
2046,3047,2025-06-25,Pune,Clothing,Shoes,3,2639.19,7917.57,Returning,Cash
2047,3048,2025-07-21,Mumbai,Clothing,Shirt,7,1190.56,8333.92,New,Cash
2048,3049,2025-03-10,Delhi,Groceries,Oil,4,154.02,616.08,Returning,Card
2049,3050,2025-03-26,Delhi,Clothing,Shirt,2,1161.64,2323.28,New,Cash
2050,3051,2025-09-05,Bangalore,Clothing,Shirt,6,1253.38,7520.28,Returning,Net Banking
2051,3052,2025-10-29,Mumbai,Clothing,Shirt,3,1176.88,3530.64,New,Cash
2052,3053,2025-09-16,Chennai,Groceries,Rice,4,85.77,343.08,New,Cash
2053,3054,2025-07-17,Pune,Groceries,Rice,8,80.3,642.4,New,Cash
2054,3055,2025-04-10,Delhi,Home,Lamp,5,661.39,3306.95,New,UPI
2055,3056,2025-04-12,Pune,Electronics,Monitor,8,11195.56,89564.48,New,Cash
2056,3057,2025-06-07,Chennai,Electronics,Mouse,6,471.02,2826.12,Returning,Cash
2057,3058,2025-04-14,Chennai,Home,Bedsheet,6,958.97,5753.82,New,Card
2058,3059,2025-09-01,Chennai,Groceries,Biscuits,4,42.54,170.16,New,Net Banking
2059,3060,2025-11-14,Delhi,Home,Lamp,1,632.25,632.25,New,UPI
2060,3061,2025-04-01,Vizag,Groceries,Rice,1,84.42,84.42,Returning,UPI
2061,3062,2025-03-09,Vizag,Home,Table,1,5105.07,5105.07,New,Cash
2062,3063,2025-09-27,Pune,Groceries,Oil,4,160.34,641.36,Returning,Card
2063,3064,2025-06-16,Kolkata,Clothing,Shoes,7,2458.04,17206.28,Returning,Net Banking
2064,3065,2025-12-28,Pune,Groceries,Sugar,3,46.38,139.14,Returning,Cash
2065,3066,2025-06-12,Delhi,Groceries,Biscuits,7,43.72,306.04,New,Card
2066,3067,2025-12-21,Kolkata,Groceries,Biscuits,2,43.74,87.48,Returning,UPI
2067,3068,2025-06-07,Pune,Clothing,T-Shirt,1,545.14,545.14,New,Card
2068,3069,2025-03-01,Pune,Electronics,Keyboard,3,1234.24,3702.72,Returning,UPI
2069,3070,2025-01-18,Mumbai,Clothing,T-Shirt,6,580.79,3484.74,Returning,Card
2070,3071,2025-09-24,Kolkata,Electronics,Headphones,5,1913.75,9568.75,Returning,Net Banking
2071,3072,2025-11-23,Vizag,Clothing,Jacket,4,2953.84,11815.36,Returning,Net Banking
2072,3073,2025-09-21,Bangalore,Clothing,T-Shirt,3,583.96,1751.88,Returning,Cash
2073,3074,2025-03-30,Chennai,Clothing,T-Shirt,4,636.65,2546.6,New,Card
2074,3075,2025-11-27,Hyderabad,Electronics,Keyboard,4,1225.58,4902.32,Returning,UPI
2075,3076,2025-09-24,Mumbai,Electronics,Monitor,1,12925.16,12925.16,Returning,Cash
2076,3077,2025-08-26,Pune,Home,Pillow,4,521.75,2087.0,New,Card
2077,3078,2025-04-01,Bangalore,Home,Chair,2,2582.58,5165.16,Returning,Net Banking
2078,3079,2025-07-05,Delhi,Home,Lamp,5,734.56,3672.8,Returning,Card
2079,3080,2025-11-13,Chennai,Home,Pillow,1,482.54,482.54,Returning,Net Banking
2080,3081,2025-04-04,Vizag,Clothing,T-Shirt,7,546.37,3824.59,New,Net Banking
2081,3082,2025-04-12,Vizag,Clothing,T-Shirt,8,622.5,4980.0,New,Card
2082,3083,2025-10-23,Mumbai,Electronics,Headphones,3,1869.02,5607.06,Returning,Card
2083,3084,2025-10-27,Chennai,Electronics,Monitor,6,12377.39,74264.34,Returning,Card
2084,3085,2025-07-06,Mumbai,Clothing,Jeans,3,1447.53,4342.59,New,Cash
2085,3086,2025-11-27,Vizag,Groceries,Sugar,7,46.22,323.54,Returning,Card
2086,3087,2025-01-11,Pune,Clothing,Jacket,5,2848.28,14241.4,Returning,Cash
2087,3088,2025-08-17,Vizag,Home,Table,2,4680.46,9360.92,New,Card
2088,3089,2025-06-19,Mumbai,Clothing,Jacket,2,2797.25,5594.5,Returning,Net Banking
2089,3090,2025-06-17,Bangalore,Electronics,Keyboard,8,1249.9,9999.2,New,Card
2090,3091,2025-07-06,Kolkata,Clothing,T-Shirt,2,556.17,1112.34,New,Card
2091,3092,2025-10-11,Vizag,Clothing,T-Shirt,1,571.84,571.84,Returning,Net Banking
2092,3093,2025-07-02,Bangalore,Groceries,Oil,6,155.02,930.12,New,Net Banking
2093,3094,2025-06-04,Mumbai,Electronics,Mouse,4,451.73,1806.92,Returning,UPI
2094,3095,2025-03-25,Mumbai,Groceries,Rice,8,73.06,584.48,New,UPI
2095,3096,2025-10-28,Pune,Clothing,Shirt,3,1267.01,3801.03,New,UPI
2096,3097,2025-09-19,Mumbai,Groceries,Oil,8,143.32,1146.56,New,Card
2097,3098,2025-02-12,Mumbai,Electronics,Webcam,7,3844.52,26911.64,Returning,UPI
2098,3099,2025-03-19,Bangalore,Electronics,Keyboard,7,1091.62,7641.34,New,Card
2099,3100,2025-12-05,Bangalore,Clothing,T-Shirt,8,589.21,4713.68,New,UPI
2100,3101,2025-02-23,Bangalore,Electronics,Mouse,2,488.26,976.52,New,UPI
2101,3102,2025-06-25,Vizag,Electronics,Webcam,1,3462.54,3462.54,New,Card
2102,3103,2025-08-09,Kolkata,Clothing,T-Shirt,5,608.63,3043.15,Returning,Card
2103,3104,2025-12-07,Delhi,Electronics,Keyboard,8,1236.15,9889.2,New,Card
2104,3105,2025-01-12,Kolkata,Groceries,Oil,2,137.7,275.4,New,Cash
2105,3106,2025-03-18,Delhi,Electronics,Webcam,6,3837.39,23024.34,Returning,Card
2106,3107,2025-07-07,Pune,Electronics,Webcam,4,3640.44,14561.76,Returning,UPI
2107,3108,2025-12-22,Vizag,Electronics,Keyboard,6,1110.77,6664.62,New,UPI
2108,3109,2025-04-08,Kolkata,Clothing,Jacket,2,2785.13,5570.26,Returning,Cash
2109,3110,2025-03-08,Mumbai,Groceries,Dal,5,126.3,631.5,New,Cash
2110,3111,2025-09-04,Hyderabad,Electronics,Keyboard,1,1113.8,1113.8,Returning,UPI
2111,3112,2025-10-13,Vizag,Groceries,Biscuits,3,39.83,119.49,Returning,UPI
2112,3113,2025-02-13,Kolkata,Clothing,Shirt,1,1186.35,1186.35,Returning,UPI
2113,3114,2025-05-25,Chennai,Home,Pillow,3,462.65,1387.95,Returning,Cash
2114,3115,2025-12-30,Delhi,Groceries,Oil,1,141.66,141.66,New,Card
2115,3116,2025-07-27,Vizag,Electronics,Mouse,1,511.61,511.61,Returning,Cash
2116,3117,2025-10-30,Pune,Home,Lamp,2,681.92,1363.84,Returning,Cash
2117,3118,2025-02-24,Bangalore,Home,Pillow,4,475.13,1900.52,Returning,Net Banking
2118,3119,2025-01-31,Chennai,Home,Bedsheet,2,817.94,1635.88,New,UPI
2119,3120,2025-02-21,Vizag,Clothing,T-Shirt,7,606.46,4245.22,Returning,Cash
2120,3121,2025-01-22,Hyderabad,Electronics,Monitor,3,11817.13,35451.39,New,Cash
2121,3122,2025-02-25,Pune,Home,Bedsheet,3,916.69,2750.07,New,Net Banking
2122,3123,2025-02-22,Mumbai,Electronics,Keyboard,1,1178.06,1178.06,New,Net Banking
2123,3124,2025-05-28,Pune,Clothing,Shoes,2,2734.39,5468.78,Returning,Net Banking
2124,3125,2025-12-27,Mumbai,Groceries,Oil,7,140.25,981.75,New,UPI
2125,3126,2025-09-28,Pune,Home,Pillow,6,503.17,3019.02,Returning,Net Banking
2126,3127,2025-04-15,Chennai,Home,Table,5,4996.17,24980.85,New,Cash
2127,3128,2025-08-14,Delhi,Clothing,Jeans,7,1396.98,9778.86,Returning,Net Banking
2128,3129,2025-02-02,Mumbai,Home,Pillow,2,485.32,970.64,New,Net Banking
2129,3130,2025-07-26,Kolkata,Electronics,Mouse,1,547.98,547.98,Returning,UPI
2130,3131,2025-03-01,Hyderabad,Groceries,Sugar,1,52.55,52.55,Returning,Net Banking
2131,3132,2025-12-02,Delhi,Home,Bedsheet,5,816.72,4083.6,New,UPI
2132,3133,2025-12-08,Chennai,Groceries,Biscuits,1,38.52,38.52,Returning,Card
2133,3134,2025-06-02,Vizag,Electronics,Headphones,1,2123.13,2123.13,Returning,Net Banking
2134,3135,2025-08-13,Chennai,Clothing,T-Shirt,4,595.59,2382.36,Returning,Net Banking
2135,3136,2025-02-20,Bangalore,Groceries,Rice,7,86.53,605.71,New,Net Banking
2136,3137,2025-05-17,Mumbai,Groceries,Rice,8,79.68,637.44,New,Card
2137,3138,2025-12-19,Delhi,Groceries,Dal,3,113.06,339.18,New,Net Banking
2138,3139,2025-08-09,Bangalore,Electronics,Mouse,5,466.51,2332.55,New,Card
2139,3140,2025-10-04,Bangalore,Home,Bedsheet,8,957.57,7660.56,New,UPI
2140,3141,2025-12-04,Hyderabad,Home,Bedsheet,3,928.94,2786.82,Returning,UPI
2141,3142,2025-11-11,Vizag,Electronics,Keyboard,6,1244.24,7465.44,New,UPI
2142,3143,2025-10-03,Delhi,Electronics,Monitor,1,12554.3,12554.3,New,UPI
2143,3144,2025-03-24,Chennai,Home,Lamp,5,704.91,3524.55,Returning,Cash
2144,3145,2025-07-11,Vizag,Clothing,Shirt,8,1313.4,10507.2,New,Card
2145,3146,2025-08-03,Vizag,Electronics,Mouse,5,504.01,2520.05,Returning,Net Banking
2146,3147,2025-02-13,Delhi,Electronics,Keyboard,4,1171.26,4685.04,Returning,UPI
2147,3148,2025-10-30,Delhi,Electronics,Keyboard,8,1241.84,9934.72,New,Net Banking
2148,3149,2025-12-10,Vizag,Clothing,Jacket,7,3047.16,21330.12,New,Cash
2149,3150,2025-03-02,Delhi,Electronics,Webcam,6,3310.54,19863.24,New,Net Banking
2150,3151,2025-10-10,Mumbai,Electronics,Headphones,7,1817.61,12723.27,New,Net Banking
2151,3152,2025-07-13,Pune,Groceries,Biscuits,4,38.67,154.68,New,Net Banking
2152,3153,2025-11-06,Kolkata,Home,Pillow,5,514.0,2570.0,Returning,Net Banking
2153,3154,2025-11-10,Kolkata,Home,Table,4,5220.35,20881.4,New,Cash
2154,3155,2025-08-16,Hyderabad,Home,Table,5,4651.69,23258.45,New,Cash
2155,3156,2025-07-02,Mumbai,Electronics,Monitor,3,11183.54,33550.62,Returning,Cash
2156,3157,2025-07-24,Mumbai,Clothing,T-Shirt,4,571.91,2287.64,New,Net Banking
2157,3158,2025-09-27,Vizag,Clothing,Shoes,7,2489.76,17428.32,New,Net Banking
2158,3159,2025-02-07,Mumbai,Electronics,Webcam,2,3212.43,6424.86,New,Card
2159,3160,2025-04-15,Kolkata,Groceries,Biscuits,3,43.99,131.97,New,Card
2160,3161,2025-06-24,Bangalore,Clothing,Jacket,7,3236.67,22656.69,New,UPI
2161,3162,2025-12-25,Hyderabad,Groceries,Sugar,2,49.01,98.02,New,Cash
2162,3163,2025-03-05,Chennai,Groceries,Sugar,8,46.45,371.6,Returning,Cash
2163,3164,2025-10-18,Kolkata,Electronics,Keyboard,5,1145.66,5728.3,Returning,UPI
2164,3165,2025-03-06,Delhi,Home,Chair,2,2636.2,5272.4,New,UPI
2165,3166,2025-02-10,Vizag,Home,Chair,3,2298.45,6895.35,Returning,Net Banking
2166,3167,2025-07-21,Kolkata,Electronics,Keyboard,6,1229.41,7376.46,Returning,Net Banking
2167,3168,2025-10-09,Vizag,Clothing,Shirt,7,1247.16,8730.12,Returning,Net Banking
2168,3169,2025-05-14,Pune,Groceries,Rice,6,77.44,464.64,New,UPI
2169,3170,2025-12-14,Bangalore,Electronics,Webcam,3,3655.67,10967.01,New,Net Banking
2170,3171,2025-01-23,Pune,Groceries,Oil,7,161.67,1131.69,New,UPI
2171,3172,2025-02-01,Mumbai,Home,Bedsheet,7,932.9,6530.3,Returning,Card
2172,3173,2025-12-30,Bangalore,Home,Lamp,4,687.51,2750.04,New,Cash
2173,3174,2025-01-04,Hyderabad,Groceries,Sugar,1,48.79,48.79,New,Cash
2174,3175,2025-05-31,Kolkata,Clothing,Shoes,5,2339.46,11697.3,Returning,Cash
2175,3176,2025-06-17,Kolkata,Home,Chair,8,2455.23,19641.84,Returning,Card
2176,3177,2025-07-06,Vizag,Electronics,Headphones,6,1969.44,11816.64,Returning,Cash
2177,3178,2025-06-07,Pune,Electronics,Webcam,8,3697.76,29582.08,New,Card
2178,3179,2025-07-09,Delhi,Electronics,Monitor,3,11382.04,34146.12,Returning,Net Banking
2179,3180,2025-05-29,Hyderabad,Clothing,Jeans,7,1450.95,10156.65,New,Net Banking
2180,3181,2025-01-28,Hyderabad,Groceries,Biscuits,6,37.83,226.98,Returning,Card
2181,3182,2025-04-03,Vizag,Clothing,T-Shirt,3,558.26,1674.78,Returning,Net Banking
2182,3183,2025-06-11,Chennai,Home,Lamp,7,648.81,4541.67,Returning,UPI
2183,3184,2025-02-21,Chennai,Electronics,Mouse,3,478.09,1434.27,Returning,Cash
2184,3185,2025-10-02,Hyderabad,Home,Bedsheet,1,946.89,946.89,New,Net Banking
2185,3186,2025-03-07,Mumbai,Home,Chair,8,2745.82,21966.56,New,Card
2186,3187,2025-05-20,Vizag,Groceries,Dal,1,130.34,130.34,New,Net Banking
2187,3188,2025-02-26,Bangalore,Groceries,Oil,7,137.28,960.96,New,Card
2188,3189,2025-08-09,Pune,Groceries,Oil,8,145.26,1162.08,Returning,UPI
2189,3190,2025-11-22,Bangalore,Home,Table,6,5473.7,32842.2,Returning,Cash
2190,3191,2025-10-13,Mumbai,Clothing,Shoes,3,2311.7,6935.1,Returning,Cash
2191,3192,2025-08-08,Delhi,Groceries,Sugar,1,45.31,45.31,Returning,Cash
2192,3193,2025-04-11,Chennai,Groceries,Dal,6,125.75,754.5,New,Card
2193,3194,2025-10-03,Vizag,Clothing,Jeans,8,1435.64,11485.12,New,Net Banking
2194,3195,2025-05-31,Bangalore,Home,Chair,4,2371.45,9485.8,Returning,Card
2195,3196,2025-02-07,Vizag,Electronics,Keyboard,7,1244.42,8710.94,Returning,UPI
2196,3197,2025-01-22,Delhi,Electronics,Mouse,7,546.23,3823.61,Returning,Card
2197,3198,2025-10-07,Bangalore,Electronics,Monitor,4,11580.0,46320.0,Returning,Card
2198,3199,2025-12-25,Chennai,Groceries,Oil,5,135.35,676.75,New,Net Banking
2199,3200,2025-02-04,Kolkata,Home,Chair,5,2507.09,12535.45,Returning,Card
2200,3201,2025-07-04,Delhi,Groceries,Sugar,5,54.17,270.85,Returning,Net Banking
2201,3202,2025-07-05,Chennai,Electronics,Webcam,4,3723.61,14894.44,Returning,Card
2202,3203,2025-12-18,Pune,Home,Table,2,4515.57,9031.14,New,UPI
2203,3204,2025-09-20,Delhi,Clothing,Shirt,8,1310.48,10483.84,Returning,Net Banking
2204,3205,2025-06-11,Vizag,Clothing,Shirt,1,1153.46,1153.46,New,Net Banking
2205,3206,2025-05-10,Kolkata,Electronics,Headphones,8,2072.41,16579.28,New,UPI
2206,3207,2025-03-31,Delhi,Electronics,Webcam,7,3647.33,25531.31,New,Card
2207,3208,2025-05-01,Mumbai,Clothing,Shirt,8,1119.06,8952.48,New,Card
2208,3209,2025-03-22,Mumbai,Electronics,Webcam,8,3171.06,25368.48,New,UPI
2209,3210,2025-03-01,Hyderabad,Clothing,Jeans,3,1386.34,4159.02,New,Card
2210,3211,2025-09-25,Kolkata,Clothing,T-Shirt,1,547.56,547.56,Returning,Net Banking
2211,3212,2025-09-18,Vizag,Home,Bedsheet,1,973.81,973.81,Returning,UPI
2212,3213,2025-04-07,Pune,Electronics,Webcam,2,3722.48,7444.96,Returning,UPI
2213,3214,2025-05-29,Pune,Groceries,Rice,4,86.36,345.44,New,UPI
2214,3215,2025-10-09,Bangalore,Electronics,Monitor,5,11810.74,59053.7,New,Cash
2215,3216,2025-02-20,Hyderabad,Groceries,Dal,6,127.97,767.82,New,Card
2216,3217,2025-01-02,Pune,Electronics,Monitor,7,12998.4,90988.8,Returning,Cash
2217,3218,2025-12-19,Hyderabad,Home,Chair,2,2415.7,4831.4,Returning,Net Banking
2218,3219,2025-01-07,Kolkata,Home,Chair,5,2296.01,11480.05,Returning,Cash
2219,3220,2025-01-01,Vizag,Electronics,Mouse,4,548.68,2194.72,Returning,UPI
2220,3221,2025-08-29,Hyderabad,Home,Table,5,5272.43,26362.15,New,Cash
2221,3222,2025-05-31,Bangalore,Clothing,Jacket,7,3028.94,21202.58,Returning,Net Banking
2222,3223,2025-09-28,Mumbai,Clothing,Jacket,8,3170.95,25367.6,Returning,UPI
2223,3224,2025-02-07,Pune,Home,Table,8,5281.59,42252.72,New,Cash
2224,3225,2025-02-09,Vizag,Home,Pillow,6,495.35,2972.1,Returning,UPI
2225,3226,2025-03-09,Kolkata,Clothing,Jeans,1,1632.98,1632.98,Returning,Net Banking
2226,3227,2025-02-10,Hyderabad,Clothing,Jacket,1,2881.64,2881.64,Returning,Card
2227,3228,2025-06-10,Chennai,Electronics,Monitor,6,11605.47,69632.82,Returning,Net Banking
2228,3229,2025-03-12,Vizag,Home,Lamp,2,723.93,1447.86,Returning,Net Banking
2229,3230,2025-11-27,Bangalore,Clothing,T-Shirt,2,605.02,1210.04,Returning,UPI
2230,3231,2025-03-25,Bangalore,Home,Pillow,7,476.63,3336.41,Returning,Cash
2231,3232,2025-05-16,Pune,Electronics,Monitor,1,12746.79,12746.79,Returning,Card
2232,3233,2025-07-10,Vizag,Electronics,Webcam,6,3626.71,21760.26,New,Cash
2233,3234,2025-10-23,Bangalore,Home,Table,3,4502.89,13508.67,New,Cash
2234,3235,2025-01-26,Chennai,Home,Bedsheet,1,978.86,978.86,Returning,Card
2235,3236,2025-08-24,Bangalore,Groceries,Dal,5,130.82,654.1,New,Card
2236,3237,2025-10-14,Pune,Groceries,Dal,3,120.07,360.21,Returning,UPI
2237,3238,2025-09-22,Bangalore,Electronics,Mouse,8,502.02,4016.16,New,Cash
2238,3239,2025-08-03,Chennai,Home,Pillow,2,463.62,927.24,Returning,Cash
2239,3240,2025-06-29,Hyderabad,Electronics,Monitor,2,10941.4,21882.8,New,UPI
2240,3241,2025-02-25,Chennai,Groceries,Rice,3,85.5,256.5,Returning,Card
2241,3242,2025-04-27,Vizag,Home,Bedsheet,1,943.9,943.9,New,Card
2242,3243,2025-08-09,Pune,Clothing,T-Shirt,1,595.49,595.49,New,UPI
2243,3244,2025-10-21,Delhi,Home,Lamp,2,752.82,1505.64,Returning,Cash
2244,3245,2025-10-12,Mumbai,Clothing,Jeans,8,1473.96,11791.68,Returning,Cash
2245,3246,2025-08-30,Chennai,Clothing,Shirt,5,1146.97,5734.85,Returning,UPI
2246,3247,2025-10-03,Chennai,Clothing,Jacket,4,3182.86,12731.44,New,UPI
2247,3248,2025-06-30,Kolkata,Electronics,Headphones,6,1818.16,10908.96,New,Card
2248,3249,2025-07-04,Vizag,Electronics,Monitor,5,11312.01,56560.05,Returning,Card
2249,3250,2025-07-27,Delhi,Groceries,Oil,7,150.9,1056.3,Returning,UPI
2250,3251,2025-04-23,Delhi,Home,Chair,4,2544.14,10176.56,Returning,Card
2251,3252,2025-07-15,Delhi,Groceries,Oil,6,159.01,954.06,Returning,Card
2252,3253,2025-08-16,Delhi,Electronics,Headphones,6,1821.23,10927.38,New,Net Banking
2253,3254,2025-07-06,Kolkata,Groceries,Dal,6,116.46,698.76,New,Card
2254,3255,2025-06-20,Pune,Clothing,T-Shirt,1,604.9,604.9,New,UPI
2255,3256,2025-11-04,Chennai,Home,Lamp,1,723.25,723.25,New,UPI
2256,3257,2025-07-18,Chennai,Electronics,Mouse,8,527.89,4223.12,New,Card
2257,3258,2025-01-28,Bangalore,Groceries,Sugar,8,51.82,414.56,New,UPI
2258,3259,2025-06-11,Delhi,Home,Table,6,5419.38,32516.28,New,Card
2259,3260,2025-06-10,Pune,Electronics,Mouse,3,468.22,1404.66,New,UPI
2260,3261,2025-02-26,Pune,Clothing,Jacket,1,2747.36,2747.36,New,Card
2261,3262,2025-11-13,Pune,Groceries,Biscuits,5,39.52,197.6,New,Net Banking
2262,3263,2025-08-15,Mumbai,Groceries,Rice,8,73.6,588.8,New,Net Banking
2263,3264,2025-04-29,Chennai,Electronics,Headphones,6,2057.57,12345.42,New,UPI
2264,3265,2025-01-07,Mumbai,Home,Lamp,4,765.78,3063.12,New,UPI
2265,3266,2025-04-20,Kolkata,Groceries,Sugar,3,54.38,163.14,New,Cash
2266,3267,2025-02-18,Mumbai,Electronics,Mouse,5,512.69,2563.45,Returning,Card
2267,3268,2025-12-18,Pune,Groceries,Sugar,4,54.09,216.36,New,UPI
2268,3269,2025-07-28,Vizag,Groceries,Dal,2,108.8,217.6,New,UPI
2269,3270,2025-10-08,Hyderabad,Home,Table,7,5442.9,38100.3,New,Net Banking
2270,3271,2025-12-23,Mumbai,Home,Chair,5,2272.04,11360.2,Returning,Cash
2271,3272,2025-05-28,Delhi,Clothing,Jeans,4,1521.08,6084.32,Returning,Card
2272,3273,2025-07-13,Bangalore,Electronics,Mouse,7,499.08,3493.56,Returning,Cash
2273,3274,2025-01-06,Chennai,Electronics,Keyboard,3,1231.89,3695.67,Returning,Card
2274,3275,2025-07-20,Bangalore,Home,Lamp,5,648.2,3241.0,Returning,UPI
2275,3276,2025-02-01,Bangalore,Home,Table,5,4683.77,23418.85,New,Card
2276,3277,2025-02-05,Hyderabad,Clothing,Shoes,6,2678.01,16068.06,New,UPI
2277,3278,2025-11-23,Kolkata,Home,Bedsheet,6,853.97,5123.82,Returning,Card
2278,3279,2025-07-21,Vizag,Electronics,Keyboard,2,1101.21,2202.42,New,Card
2279,3280,2025-08-22,Pune,Electronics,Headphones,6,2183.08,13098.48,Returning,Cash
2280,3281,2025-10-31,Kolkata,Clothing,T-Shirt,3,611.21,1833.63,Returning,Card
2281,3282,2025-05-04,Kolkata,Home,Bedsheet,4,981.59,3926.36,New,UPI
2282,3283,2025-04-06,Chennai,Clothing,Jacket,6,2912.23,17473.38,Returning,Net Banking
2283,3284,2025-08-16,Chennai,Home,Bedsheet,3,810.2,2430.6,New,Cash
2284,3285,2025-08-09,Bangalore,Clothing,Jeans,1,1404.28,1404.28,New,Card
2285,3286,2025-09-08,Hyderabad,Electronics,Headphones,2,2008.9,4017.8,Returning,UPI
2286,3287,2025-04-19,Pune,Home,Bedsheet,2,900.56,1801.12,Returning,UPI
2287,3288,2025-08-29,Bangalore,Groceries,Biscuits,8,41.52,332.16,New,Net Banking
2288,3289,2025-09-03,Mumbai,Electronics,Mouse,6,541.72,3250.32,New,Net Banking
2289,3290,2025-09-18,Delhi,Clothing,Shirt,8,1295.81,10366.48,Returning,Cash
2290,3291,2025-09-02,Bangalore,Electronics,Mouse,3,466.81,1400.43,New,UPI
2291,3292,2025-10-02,Bangalore,Clothing,Shirt,4,1227.61,4910.44,New,Card
2292,3293,2025-05-23,Vizag,Clothing,T-Shirt,5,550.64,2753.2,Returning,Card
2293,3294,2025-07-04,Mumbai,Clothing,Shirt,2,1095.85,2191.7,New,Card
2294,3295,2025-01-26,Delhi,Electronics,Keyboard,1,1232.17,1232.17,New,Card
2295,3296,2025-03-07,Chennai,Clothing,Jeans,8,1499.41,11995.28,New,Cash
2296,3297,2025-08-02,Pune,Clothing,T-Shirt,3,600.4,1801.2,New,Net Banking
2297,3298,2025-01-30,Pune,Groceries,Dal,4,108.07,432.28,New,Net Banking
2298,3299,2025-10-27,Chennai,Home,Chair,6,2448.94,14693.64,New,Card
2299,3300,2025-02-15,Kolkata,Electronics,Mouse,3,549.07,1647.21,New,Net Banking
2300,3301,2025-03-23,Mumbai,Groceries,Dal,1,128.65,128.65,New,UPI
2301,3302,2025-07-18,Kolkata,Groceries,Oil,5,137.01,685.05,New,Card
2302,3303,2025-01-08,Hyderabad,Electronics,Keyboard,2,1180.75,2361.5,Returning,Net Banking
2303,3304,2025-01-21,Kolkata,Groceries,Dal,7,119.05,833.35,New,Net Banking
2304,3305,2025-01-31,Delhi,Clothing,T-Shirt,7,583.45,4084.15,Returning,Cash
2305,3306,2025-07-20,Mumbai,Groceries,Rice,8,87.44,699.52,Returning,Card
2306,3307,2025-06-04,Kolkata,Clothing,Shirt,7,1162.51,8137.57,New,Net Banking
2307,3308,2025-08-11,Chennai,Clothing,Jeans,3,1465.6,4396.8,New,Cash
2308,3309,2025-12-07,Bangalore,Clothing,Shoes,4,2642.92,10571.68,Returning,Cash
2309,3310,2025-09-20,Hyderabad,Groceries,Oil,2,155.38,310.76,Returning,UPI
2310,3311,2025-12-31,Chennai,Home,Pillow,4,522.44,2089.76,Returning,Cash
2311,3312,2025-03-10,Delhi,Clothing,Jeans,6,1591.5,9549.0,Returning,Card
2312,3313,2025-04-26,Mumbai,Groceries,Rice,6,80.51,483.06,Returning,Card
2313,3314,2025-07-07,Vizag,Electronics,Keyboard,2,1098.88,2197.76,Returning,UPI
2314,3315,2025-07-19,Delhi,Groceries,Sugar,6,53.64,321.84,Returning,Cash
2315,3316,2025-11-22,Pune,Home,Chair,5,2610.87,13054.35,New,Cash
2316,3317,2025-05-19,Kolkata,Clothing,Jacket,6,3038.59,18231.54,Returning,Net Banking
2317,3318,2025-03-06,Chennai,Electronics,Monitor,4,12974.27,51897.08,New,Cash
2318,3319,2025-01-05,Pune,Groceries,Sugar,1,50.35,50.35,Returning,UPI
2319,3320,2025-06-15,Pune,Groceries,Oil,7,152.88,1070.16,Returning,Net Banking
2320,3321,2025-05-03,Hyderabad,Groceries,Dal,3,110.71,332.13,Returning,Cash
2321,3322,2025-10-29,Chennai,Clothing,Jeans,6,1583.08,9498.48,Returning,Card
2322,3323,2025-12-08,Delhi,Home,Bedsheet,5,819.48,4097.4,New,Card
2323,3324,2025-06-12,Delhi,Clothing,Jacket,2,2880.6,5761.2,New,UPI
2324,3325,2025-08-23,Mumbai,Home,Table,7,4720.01,33040.07,New,UPI
2325,3326,2025-09-29,Pune,Electronics,Webcam,2,3496.98,6993.96,New,Card
2326,3327,2025-08-17,Chennai,Electronics,Mouse,6,522.99,3137.94,Returning,Cash
2327,3328,2025-12-03,Delhi,Clothing,Jeans,6,1594.69,9568.14,New,Net Banking
2328,3329,2025-11-30,Vizag,Home,Lamp,5,748.18,3740.9,New,UPI
2329,3330,2025-12-13,Hyderabad,Home,Pillow,3,536.97,1610.91,Returning,Cash
2330,3331,2025-03-09,Kolkata,Clothing,Jeans,8,1488.84,11910.72,Returning,Cash
2331,3332,2025-02-27,Delhi,Home,Pillow,4,496.8,1987.2,New,UPI
2332,3333,2025-02-02,Hyderabad,Groceries,Oil,8,162.97,1303.76,Returning,Cash
2333,3334,2025-09-05,Bangalore,Electronics,Mouse,1,542.08,542.08,New,UPI
2334,3335,2025-04-10,Chennai,Groceries,Oil,6,148.89,893.34,Returning,UPI
2335,3336,2025-04-22,Kolkata,Groceries,Oil,2,158.08,316.16,New,Net Banking
2336,3337,2025-07-13,Pune,Clothing,T-Shirt,4,554.59,2218.36,Returning,Card
2337,3338,2025-04-06,Vizag,Home,Pillow,1,510.09,510.09,New,Cash
2338,3339,2025-12-04,Mumbai,Clothing,Shoes,6,2663.62,15981.72,New,Card
2339,3340,2025-11-12,Mumbai,Clothing,Jeans,8,1418.05,11344.4,New,UPI
2340,3341,2025-04-24,Pune,Groceries,Sugar,8,51.91,415.28,New,Card
2341,3342,2025-06-29,Hyderabad,Clothing,Jacket,7,2752.26,19265.82,Returning,Net Banking
2342,3343,2025-04-06,Kolkata,Electronics,Mouse,8,454.56,3636.48,Returning,UPI
2343,3344,2025-01-08,Vizag,Clothing,Jeans,7,1361.57,9530.99,New,Card
2344,3345,2025-10-11,Mumbai,Home,Bedsheet,6,926.07,5556.42,New,UPI
2345,3346,2025-05-13,Kolkata,Home,Chair,5,2517.07,12585.35,Returning,Card
2346,3347,2025-04-18,Mumbai,Groceries,Dal,5,111.14,555.7,New,Card
2347,3348,2025-11-08,Delhi,Clothing,Shirt,1,1232.34,1232.34,Returning,Card
2348,3349,2025-12-07,Bangalore,Groceries,Biscuits,3,41.74,125.22,New,Cash
2349,3350,2025-11-13,Pune,Home,Bedsheet,7,842.95,5900.65,New,Cash
2350,3351,2025-11-22,Vizag,Electronics,Monitor,4,12799.48,51197.92,New,UPI
2351,3352,2025-12-17,Vizag,Electronics,Webcam,1,3340.09,3340.09,Returning,UPI
2352,3353,2025-04-28,Delhi,Clothing,T-Shirt,8,620.28,4962.24,New,Cash
2353,3354,2025-07-17,Bangalore,Clothing,T-Shirt,2,566.37,1132.74,Returning,UPI
2354,3355,2025-08-31,Pune,Groceries,Dal,4,121.7,486.8,Returning,UPI
2355,3356,2025-06-13,Delhi,Groceries,Sugar,8,45.45,363.6,New,Card
2356,3357,2025-05-18,Chennai,Electronics,Headphones,2,1971.25,3942.5,New,Cash
2357,3358,2025-12-10,Chennai,Groceries,Dal,5,108.41,542.05,Returning,Card
2358,3359,2025-04-05,Hyderabad,Groceries,Dal,8,116.59,932.72,Returning,UPI
2359,3360,2025-03-23,Hyderabad,Clothing,T-Shirt,5,560.25,2801.25,New,Net Banking
2360,3361,2025-02-07,Mumbai,Electronics,Keyboard,2,1115.92,2231.84,New,Net Banking
2361,3362,2025-10-17,Vizag,Home,Chair,8,2452.99,19623.92,New,UPI
2362,3363,2025-04-29,Chennai,Clothing,Jacket,8,3235.92,25887.36,New,Card
2363,3364,2025-06-23,Vizag,Home,Chair,1,2480.19,2480.19,Returning,Cash
2364,3365,2025-11-05,Chennai,Clothing,Jeans,5,1410.9,7054.5,Returning,Cash
2365,3366,2025-12-11,Pune,Groceries,Oil,1,163.61,163.61,New,Card
2366,3367,2025-10-28,Chennai,Electronics,Keyboard,1,1118.05,1118.05,Returning,UPI
2367,3368,2025-05-25,Vizag,Groceries,Dal,7,114.53,801.71,Returning,Net Banking
2368,3369,2025-10-15,Vizag,Electronics,Mouse,1,464.03,464.03,Returning,Cash
2369,3370,2025-06-02,Vizag,Groceries,Biscuits,7,39.97,279.79,Returning,Cash
2370,3371,2025-06-27,Kolkata,Electronics,Monitor,4,11725.58,46902.32,New,Cash
2371,3372,2025-06-30,Pune,Groceries,Rice,1,78.51,78.51,New,Net Banking
2372,3373,2025-10-17,Kolkata,Clothing,T-Shirt,7,657.01,4599.07,New,Net Banking
2373,3374,2025-10-17,Pune,Home,Bedsheet,2,968.89,1937.78,New,Net Banking
2374,3375,2025-07-09,Vizag,Clothing,Shoes,4,2274.77,9099.08,New,Card
2375,3376,2025-03-24,Vizag,Groceries,Sugar,2,46.62,93.24,Returning,Card
2376,3377,2025-06-10,Delhi,Home,Lamp,4,768.24,3072.96,Returning,Net Banking
2377,3378,2025-05-07,Delhi,Groceries,Sugar,7,51.57,360.99,Returning,Cash
2378,3379,2025-02-07,Delhi,Groceries,Oil,5,156.27,781.35,New,Net Banking
2379,3380,2025-05-13,Delhi,Clothing,Shirt,4,1280.11,5120.44,Returning,Cash
2380,3381,2025-05-16,Hyderabad,Clothing,Shirt,5,1290.5,6452.5,New,Card
2381,3382,2025-03-07,Vizag,Clothing,T-Shirt,6,600.06,3600.36,New,Cash
2382,3383,2025-01-05,Vizag,Electronics,Keyboard,3,1104.87,3314.61,New,UPI
2383,3384,2025-09-03,Pune,Clothing,T-Shirt,8,631.4,5051.2,Returning,Cash
2384,3385,2025-08-30,Bangalore,Clothing,Shoes,7,2435.27,17046.89,New,UPI
2385,3386,2025-10-18,Kolkata,Clothing,T-Shirt,1,576.21,576.21,Returning,Net Banking
2386,3387,2025-01-15,Bangalore,Electronics,Keyboard,4,1215.98,4863.92,Returning,UPI
2387,3388,2025-08-25,Pune,Clothing,T-Shirt,4,628.06,2512.24,Returning,Cash
2388,3389,2025-11-18,Vizag,Home,Pillow,6,508.24,3049.44,New,Net Banking
2389,3390,2025-05-14,Pune,Electronics,Webcam,4,3811.07,15244.28,Returning,Card
2390,3391,2025-02-13,Chennai,Groceries,Sugar,7,48.88,342.16,New,Cash
2391,3392,2025-04-08,Kolkata,Electronics,Keyboard,5,1293.66,6468.3,New,Card
2392,3393,2025-05-30,Bangalore,Electronics,Keyboard,4,1154.41,4617.64,Returning,Net Banking
2393,3394,2025-12-06,Vizag,Clothing,T-Shirt,1,576.15,576.15,Returning,Net Banking
2394,3395,2025-03-14,Delhi,Electronics,Mouse,6,521.08,3126.48,Returning,UPI
2395,3396,2025-05-27,Chennai,Clothing,T-Shirt,8,592.58,4740.64,Returning,Cash
2396,3397,2025-06-13,Hyderabad,Clothing,T-Shirt,5,564.94,2824.7,New,Card
2397,3398,2025-10-14,Delhi,Groceries,Rice,3,74.59,223.77,Returning,Net Banking
2398,3399,2025-03-23,Mumbai,Groceries,Oil,8,157.55,1260.4,New,Card
2399,3400,2025-01-09,Bangalore,Clothing,Shirt,4,1082.24,4328.96,Returning,Net Banking
2400,3401,2025-04-28,Hyderabad,Electronics,Keyboard,4,1290.68,5162.72,New,Card
2401,3402,2025-12-21,Chennai,Groceries,Dal,8,118.58,948.64,Returning,Net Banking
2402,3403,2025-03-14,Vizag,Groceries,Rice,8,85.69,685.52,Returning,Cash
2403,3404,2025-07-09,Mumbai,Clothing,T-Shirt,3,573.36,1720.08,New,UPI
2404,3405,2025-03-29,Mumbai,Clothing,Jeans,5,1594.82,7974.1,New,Card
2405,3406,2025-06-01,Vizag,Groceries,Oil,1,138.81,138.81,New,UPI
2406,3407,2025-12-05,Bangalore,Electronics,Monitor,3,13098.27,39294.81,Returning,UPI
2407,3408,2025-07-31,Delhi,Groceries,Rice,8,85.03,680.24,Returning,UPI
2408,3409,2025-07-31,Chennai,Home,Chair,6,2662.42,15974.52,New,Cash
2409,3410,2025-04-27,Vizag,Electronics,Monitor,6,12335.57,74013.42,New,Net Banking
2410,3411,2025-06-12,Hyderabad,Clothing,Shoes,2,2339.94,4679.88,Returning,Net Banking
2411,3412,2025-09-17,Bangalore,Home,Table,5,5212.61,26063.05,New,Net Banking
2412,3413,2025-02-09,Bangalore,Clothing,Jeans,8,1522.02,12176.16,New,Card
2413,3414,2025-08-23,Hyderabad,Electronics,Mouse,1,461.92,461.92,New,Cash
2414,3415,2025-02-07,Vizag,Home,Table,1,5169.61,5169.61,New,Net Banking
2415,3416,2025-06-30,Chennai,Groceries,Rice,4,81.57,326.28,Returning,Cash
2416,3417,2025-02-26,Vizag,Clothing,Shirt,6,1256.45,7538.7,New,Card
2417,3418,2025-05-11,Mumbai,Clothing,Jeans,8,1633.6,13068.8,New,Net Banking
2418,3419,2025-05-29,Bangalore,Clothing,Jeans,1,1458.21,1458.21,New,UPI
2419,3420,2025-12-17,Delhi,Home,Pillow,7,517.91,3625.37,Returning,Card
2420,3421,2025-05-29,Delhi,Clothing,T-Shirt,4,564.28,2257.12,Returning,Net Banking
2421,3422,2025-10-25,Pune,Electronics,Headphones,8,2003.43,16027.44,New,Cash
2422,3423,2025-07-11,Kolkata,Home,Bedsheet,3,811.86,2435.58,Returning,UPI
2423,3424,2025-11-16,Bangalore,Groceries,Oil,8,149.91,1199.28,Returning,Net Banking
2424,3425,2025-05-18,Bangalore,Clothing,Jeans,6,1474.23,8845.38,Returning,Net Banking
2425,3426,2025-07-03,Bangalore,Home,Lamp,3,652.4,1957.2,New,Net Banking
2426,3427,2025-03-14,Bangalore,Electronics,Monitor,6,12102.57,72615.42,New,Cash
2427,3428,2025-06-15,Kolkata,Clothing,Jeans,5,1385.11,6925.55,New,UPI
2428,3429,2025-12-07,Kolkata,Clothing,Shirt,6,1155.79,6934.74,New,Net Banking
2429,3430,2025-03-30,Delhi,Clothing,Jacket,3,3087.45,9262.35,New,UPI
2430,3431,2025-05-13,Hyderabad,Home,Chair,2,2417.61,4835.22,Returning,UPI
2431,3432,2025-10-03,Hyderabad,Clothing,Jeans,2,1416.91,2833.82,New,Cash
2432,3433,2025-02-12,Bangalore,Clothing,Jeans,2,1595.68,3191.36,New,UPI
2433,3434,2025-09-19,Chennai,Clothing,T-Shirt,6,629.9,3779.4,Returning,Card
2434,3435,2025-07-25,Delhi,Home,Table,7,5035.79,35250.53,New,UPI
2435,3436,2025-10-03,Hyderabad,Electronics,Webcam,6,3333.5,20001.0,Returning,Cash
2436,3437,2025-07-18,Bangalore,Groceries,Oil,1,136.28,136.28,Returning,Net Banking
2437,3438,2025-07-18,Kolkata,Home,Pillow,6,502.08,3012.48,Returning,Net Banking
2438,3439,2025-04-22,Delhi,Groceries,Rice,7,83.59,585.13,New,UPI
2439,3440,2025-04-09,Bangalore,Clothing,Jacket,3,2807.43,8422.29,New,Cash
2440,3441,2025-05-10,Mumbai,Electronics,Mouse,5,466.31,2331.55,New,Cash
2441,3442,2025-11-11,Vizag,Home,Table,2,4590.05,9180.1,New,Net Banking
2442,3443,2025-09-21,Mumbai,Groceries,Biscuits,2,41.21,82.42,New,UPI
2443,3444,2025-01-11,Bangalore,Electronics,Keyboard,7,1181.34,8269.38,New,UPI
2444,3445,2025-10-04,Pune,Electronics,Headphones,4,2099.2,8396.8,New,Net Banking
2445,3446,2025-01-24,Pune,Clothing,T-Shirt,1,578.61,578.61,New,Cash
2446,3447,2025-01-01,Pune,Clothing,Shirt,4,1211.96,4847.84,New,Net Banking
2447,3448,2025-07-23,Kolkata,Clothing,Shirt,1,1094.31,1094.31,New,Net Banking
2448,3449,2025-10-12,Mumbai,Home,Pillow,4,467.73,1870.92,Returning,Card
2449,3450,2025-02-12,Pune,Clothing,Jacket,7,3240.08,22680.56,New,Net Banking
2450,3451,2025-08-11,Delhi,Clothing,Jacket,8,2762.85,22102.8,New,UPI
2451,3452,2025-03-22,Mumbai,Electronics,Keyboard,3,1239.32,3717.96,New,Card
2452,3453,2025-04-06,Vizag,Electronics,Webcam,4,3394.53,13578.12,New,Net Banking
2453,3454,2025-09-04,Vizag,Groceries,Rice,7,87.24,610.68,Returning,UPI
2454,3455,2025-03-27,Hyderabad,Electronics,Monitor,6,12781.25,76687.5,New,Cash
2455,3456,2025-08-16,Kolkata,Clothing,T-Shirt,3,596.05,1788.15,New,Net Banking
2456,3457,2025-10-01,Mumbai,Electronics,Headphones,7,2031.82,14222.74,Returning,Cash
2457,3458,2025-03-19,Kolkata,Home,Pillow,1,549.07,549.07,Returning,Cash
2458,3459,2025-11-10,Pune,Home,Table,7,5263.72,36846.04,New,Card
2459,3460,2025-09-17,Bangalore,Groceries,Dal,4,115.39,461.56,Returning,Cash
2460,3461,2025-11-18,Hyderabad,Clothing,Shirt,5,1241.08,6205.4,Returning,Cash
2461,3462,2025-11-18,Vizag,Clothing,Shirt,1,1186.81,1186.81,New,Net Banking
2462,3463,2025-08-13,Kolkata,Home,Table,5,4562.93,22814.65,Returning,UPI
2463,3464,2025-12-15,Vizag,Electronics,Webcam,8,3364.9,26919.2,Returning,Cash
2464,3465,2025-09-18,Mumbai,Groceries,Dal,5,109.81,549.05,Returning,UPI
2465,3466,2025-08-23,Pune,Home,Chair,4,2394.49,9577.96,New,Net Banking
2466,3467,2025-10-01,Hyderabad,Electronics,Monitor,5,12663.37,63316.85,Returning,Cash
2467,3468,2025-09-21,Kolkata,Groceries,Rice,3,82.61,247.83,New,Cash
2468,3469,2025-03-13,Vizag,Clothing,T-Shirt,1,559.68,559.68,New,Net Banking
2469,3470,2025-10-06,Bangalore,Home,Lamp,1,632.53,632.53,Returning,Cash
2470,3471,2025-01-01,Mumbai,Groceries,Biscuits,2,42.16,84.32,New,Cash
2471,3472,2025-08-31,Delhi,Home,Lamp,4,716.64,2866.56,New,Cash
2472,3473,2025-08-17,Pune,Home,Pillow,1,464.94,464.94,New,UPI
2473,3474,2025-07-19,Kolkata,Electronics,Keyboard,1,1243.12,1243.12,New,Cash
2474,3475,2025-02-19,Delhi,Clothing,T-Shirt,6,586.49,3518.94,New,Net Banking
2475,3476,2025-09-15,Vizag,Groceries,Dal,8,121.67,973.36,New,UPI
2476,3477,2025-01-18,Hyderabad,Home,Pillow,7,537.82,3764.74,New,Card
2477,3478,2025-05-19,Delhi,Home,Lamp,2,636.66,1273.32,Returning,Cash
2478,3479,2025-05-21,Pune,Clothing,Shirt,1,1174.41,1174.41,Returning,Net Banking
2479,3480,2025-07-13,Bangalore,Groceries,Oil,5,163.2,816.0,New,UPI
2480,3481,2025-03-12,Pune,Groceries,Sugar,7,53.72,376.04,Returning,Card
2481,3482,2025-06-19,Mumbai,Clothing,Jeans,2,1532.7,3065.4,New,Cash
2482,3483,2025-09-03,Kolkata,Home,Bedsheet,5,899.8,4499.0,Returning,Cash
2483,3484,2025-06-17,Bangalore,Groceries,Sugar,4,51.01,204.04,New,Card
2484,3485,2025-02-11,Bangalore,Clothing,Shoes,1,2494.55,2494.55,Returning,Cash
2485,3486,2025-11-02,Hyderabad,Groceries,Oil,2,139.99,279.98,New,Card
2486,3487,2025-02-04,Vizag,Home,Pillow,3,544.65,1633.95,New,Card
2487,3488,2025-05-19,Mumbai,Home,Chair,3,2462.8,7388.4,Returning,Cash
2488,3489,2025-10-27,Delhi,Groceries,Biscuits,6,37.37,224.22,New,Cash
2489,3490,2025-09-15,Pune,Clothing,Shoes,2,2453.04,4906.08,Returning,Cash
2490,3491,2025-01-27,Hyderabad,Electronics,Monitor,2,10931.37,21862.74,Returning,Cash
2491,3492,2025-05-18,Vizag,Electronics,Headphones,8,1981.64,15853.12,New,Cash
2492,3493,2025-09-28,Delhi,Clothing,Shoes,3,2398.78,7196.34,New,Net Banking
2493,3494,2025-10-20,Vizag,Electronics,Headphones,5,2080.93,10404.65,New,Cash
2494,3495,2025-04-29,Vizag,Groceries,Biscuits,4,36.29,145.16,New,Card
2495,3496,2025-02-05,Mumbai,Clothing,T-Shirt,4,590.55,2362.2,New,Card
2496,3497,2025-03-31,Chennai,Home,Bedsheet,8,901.08,7208.64,Returning,Card
2497,3498,2025-05-27,Kolkata,Home,Table,8,4696.3,37570.4,New,Cash
2498,3499,2025-12-21,Delhi,Electronics,Headphones,3,1848.89,5546.67,Returning,Cash
2499,3500,2025-09-20,Hyderabad,Clothing,Shoes,4,2491.32,9965.28,New,UPI
2500,3501,2025-05-23,Kolkata,Groceries,Dal,8,112.51,900.08,Returning,UPI
2501,3502,2025-10-31,Kolkata,Home,Chair,7,2716.76,19017.32,New,Cash
2502,3503,2025-11-06,Delhi,Clothing,Jeans,7,1390.97,9736.79,Returning,Net Banking
2503,3504,2025-10-22,Hyderabad,Groceries,Sugar,1,51.1,51.1,New,UPI
2504,3505,2025-10-23,Hyderabad,Electronics,Webcam,6,3485.78,20914.68,New,Cash
2505,3506,2025-07-29,Delhi,Clothing,T-Shirt,2,604.84,1209.68,Returning,Card
2506,3507,2025-09-21,Delhi,Groceries,Dal,5,125.67,628.35,Returning,Cash
2507,3508,2025-09-09,Pune,Home,Pillow,6,532.39,3194.34,Returning,Card
2508,3509,2025-02-06,Vizag,Electronics,Webcam,1,3275.41,3275.41,Returning,UPI
2509,3510,2025-08-20,Chennai,Clothing,Shoes,4,2569.65,10278.6,Returning,UPI
2510,3511,2025-05-15,Pune,Groceries,Biscuits,5,43.33,216.65,New,Cash
2511,3512,2025-03-23,Kolkata,Clothing,Jacket,8,3156.33,25250.64,New,UPI
2512,3513,2025-09-15,Pune,Clothing,Jeans,1,1412.98,1412.98,Returning,UPI
2513,3514,2025-09-09,Chennai,Electronics,Webcam,4,3576.83,14307.32,Returning,Cash
2514,3515,2025-08-16,Vizag,Electronics,Mouse,3,533.34,1600.02,New,Cash
2515,3516,2025-10-27,Mumbai,Groceries,Oil,7,162.74,1139.18,New,Cash
2516,3517,2025-08-26,Hyderabad,Electronics,Headphones,1,2101.82,2101.82,Returning,Card
2517,3518,2025-03-04,Chennai,Clothing,Jacket,1,3147.68,3147.68,New,UPI
2518,3519,2025-08-31,Delhi,Electronics,Keyboard,3,1284.68,3854.04,New,Cash
2519,3520,2025-01-22,Hyderabad,Groceries,Rice,4,83.58,334.32,Returning,UPI
2520,3521,2025-03-11,Delhi,Electronics,Mouse,5,482.77,2413.85,New,Net Banking
2521,3522,2025-12-23,Vizag,Clothing,Jacket,2,3243.47,6486.94,New,Net Banking
2522,3523,2025-12-20,Pune,Home,Pillow,8,457.89,3663.12,Returning,Card
2523,3524,2025-01-31,Hyderabad,Clothing,Shoes,4,2649.24,10596.96,Returning,Cash
2524,3525,2025-05-30,Vizag,Home,Bedsheet,6,923.92,5543.52,New,UPI
2525,3526,2025-09-07,Bangalore,Groceries,Dal,7,113.75,796.25,Returning,Cash
2526,3527,2025-07-21,Hyderabad,Electronics,Mouse,7,479.02,3353.14,New,Card
2527,3528,2025-03-23,Kolkata,Home,Chair,3,2478.47,7435.41,Returning,Net Banking
2528,3529,2025-09-24,Chennai,Electronics,Headphones,4,1917.99,7671.96,Returning,Cash
2529,3530,2025-02-23,Vizag,Groceries,Rice,7,73.22,512.54,Returning,Card
2530,3531,2025-05-16,Hyderabad,Groceries,Biscuits,5,39.28,196.4,Returning,UPI
2531,3532,2025-04-20,Hyderabad,Electronics,Keyboard,1,1112.49,1112.49,Returning,Card
2532,3533,2025-09-18,Chennai,Home,Chair,4,2461.11,9844.44,Returning,Cash
2533,3534,2025-10-24,Mumbai,Groceries,Dal,2,120.69,241.38,Returning,Card
2534,3535,2025-01-23,Kolkata,Electronics,Webcam,7,3552.59,24868.13,Returning,Net Banking
2535,3536,2025-03-30,Delhi,Groceries,Biscuits,1,40.56,40.56,Returning,Cash
2536,3537,2025-05-02,Pune,Groceries,Sugar,2,53.56,107.12,Returning,Card
2537,3538,2025-04-11,Hyderabad,Home,Bedsheet,8,857.86,6862.88,Returning,UPI
2538,3539,2025-01-18,Mumbai,Electronics,Monitor,5,12661.58,63307.9,Returning,Card
2539,3540,2025-08-29,Vizag,Electronics,Webcam,8,3293.88,26351.04,Returning,Card
2540,3541,2025-09-01,Vizag,Clothing,Jeans,7,1435.19,10046.33,New,Cash
2541,3542,2025-11-15,Chennai,Electronics,Keyboard,1,1225.21,1225.21,Returning,Card
2542,3543,2025-07-22,Bangalore,Home,Bedsheet,3,908.09,2724.27,Returning,Cash
2543,3544,2025-03-29,Mumbai,Clothing,T-Shirt,5,548.14,2740.7,New,UPI
2544,3545,2025-05-18,Delhi,Groceries,Dal,8,111.21,889.68,New,UPI
2545,3546,2025-04-21,Bangalore,Electronics,Monitor,5,11039.29,55196.45,Returning,Cash
2546,3547,2025-09-05,Delhi,Clothing,Shirt,2,1094.28,2188.56,New,Card
2547,3548,2025-10-13,Vizag,Clothing,Shoes,8,2264.08,18112.64,New,Net Banking
2548,3549,2025-04-01,Pune,Groceries,Biscuits,7,37.64,263.48,New,Net Banking
2549,3550,2025-05-16,Mumbai,Groceries,Oil,3,143.69,431.07,New,Net Banking
2550,3551,2025-06-06,Kolkata,Electronics,Mouse,1,453.54,453.54,Returning,UPI
2551,3552,2025-03-18,Kolkata,Home,Pillow,1,497.49,497.49,Returning,Card
2552,3553,2025-06-21,Mumbai,Electronics,Keyboard,1,1087.63,1087.63,Returning,Net Banking
2553,3554,2025-10-06,Hyderabad,Clothing,T-Shirt,6,563.59,3381.54,New,Cash
2554,3555,2025-02-19,Vizag,Home,Chair,6,2265.01,13590.06,New,Card
2555,3556,2025-08-25,Mumbai,Groceries,Biscuits,1,36.21,36.21,Returning,UPI
2556,3557,2025-02-17,Chennai,Clothing,T-Shirt,8,560.6,4484.8,New,Net Banking
2557,3558,2025-12-02,Kolkata,Electronics,Webcam,8,3769.22,30153.76,Returning,Card
2558,3559,2025-05-10,Pune,Clothing,T-Shirt,1,636.51,636.51,Returning,Net Banking
2559,3560,2025-10-08,Chennai,Electronics,Monitor,2,12166.75,24333.5,Returning,UPI
2560,3561,2025-01-28,Bangalore,Home,Lamp,5,664.28,3321.4,New,Cash
2561,3562,2025-02-17,Kolkata,Groceries,Oil,3,145.82,437.46,New,Card
2562,3563,2025-05-19,Chennai,Groceries,Oil,4,162.34,649.36,New,UPI
2563,3564,2025-08-31,Bangalore,Groceries,Sugar,8,52.98,423.84,Returning,UPI
2564,3565,2025-06-30,Pune,Clothing,Jeans,7,1542.47,10797.29,New,Card
2565,3566,2025-08-27,Delhi,Clothing,Jacket,7,2747.34,19231.38,New,Card
2566,3567,2025-06-29,Chennai,Groceries,Sugar,6,50.84,305.04,Returning,UPI
2567,3568,2025-02-26,Pune,Clothing,T-Shirt,2,609.0,1218.0,New,Card
2568,3569,2025-12-26,Delhi,Home,Table,7,5493.37,38453.59,Returning,Cash
2569,3570,2025-09-21,Kolkata,Home,Table,7,5291.16,37038.12,New,Card
2570,3571,2025-09-14,Delhi,Home,Chair,1,2703.93,2703.93,Returning,Net Banking
2571,3572,2025-12-03,Chennai,Groceries,Rice,4,79.01,316.04,New,UPI
2572,3573,2025-06-03,Hyderabad,Home,Lamp,3,642.01,1926.03,New,Net Banking
2573,3574,2025-06-16,Mumbai,Clothing,Jacket,3,3200.16,9600.48,Returning,Cash
2574,3575,2025-01-21,Bangalore,Home,Lamp,8,762.24,6097.92,New,Card
2575,3576,2025-03-17,Hyderabad,Home,Lamp,5,690.44,3452.2,New,UPI
2576,3577,2025-03-17,Hyderabad,Clothing,Jeans,8,1555.9,12447.2,Returning,Cash
2577,3578,2025-01-11,Hyderabad,Electronics,Keyboard,4,1080.47,4321.88,Returning,Card
2578,3579,2025-02-26,Hyderabad,Groceries,Dal,8,113.74,909.92,New,UPI
2579,3580,2025-01-02,Hyderabad,Electronics,Headphones,2,1962.48,3924.96,New,Net Banking
2580,3581,2025-04-14,Vizag,Clothing,Jeans,3,1555.65,4666.95,Returning,UPI
2581,3582,2025-02-12,Kolkata,Home,Bedsheet,6,864.04,5184.24,Returning,Cash
2582,3583,2025-11-02,Delhi,Home,Pillow,1,455.07,455.07,New,Card
2583,3584,2025-05-06,Vizag,Home,Bedsheet,2,940.14,1880.28,New,UPI
2584,3585,2025-10-12,Pune,Electronics,Headphones,2,2064.86,4129.72,Returning,Cash
2585,3586,2025-01-10,Mumbai,Clothing,Shirt,5,1116.02,5580.1,Returning,UPI
2586,3587,2025-05-03,Delhi,Electronics,Headphones,4,1929.58,7718.32,Returning,Net Banking
2587,3588,2025-10-22,Delhi,Electronics,Monitor,6,11700.15,70200.9,Returning,Cash
2588,3589,2025-01-28,Chennai,Home,Chair,8,2324.13,18593.04,New,Card
2589,3590,2025-10-04,Chennai,Groceries,Rice,3,83.3,249.9,New,Card
2590,3591,2025-05-28,Hyderabad,Clothing,Shirt,8,1223.15,9785.2,New,Net Banking
2591,3592,2025-02-05,Vizag,Clothing,T-Shirt,6,600.1,3600.6,Returning,Cash
2592,3593,2025-07-03,Mumbai,Clothing,Jacket,4,3173.8,12695.2,Returning,Cash
2593,3594,2025-01-09,Hyderabad,Clothing,Jeans,6,1648.72,9892.32,Returning,UPI
2594,3595,2025-10-14,Bangalore,Clothing,Shirt,2,1318.2,2636.4,Returning,UPI
2595,3596,2025-11-20,Pune,Electronics,Monitor,2,12308.02,24616.04,Returning,UPI
2596,3597,2025-02-01,Vizag,Groceries,Dal,2,129.2,258.4,New,Card
2597,3598,2025-01-28,Chennai,Electronics,Headphones,7,1963.36,13743.52,New,Card
2598,3599,2025-03-31,Mumbai,Clothing,Jacket,2,2717.77,5435.54,New,Net Banking
2599,3600,2025-12-02,Delhi,Electronics,Headphones,2,1850.04,3700.08,Returning,UPI
2600,3601,2025-04-25,Delhi,Home,Chair,7,2625.72,18380.04,Returning,Net Banking
2601,3602,2025-08-14,Kolkata,Electronics,Headphones,3,2157.53,6472.59,New,Cash
2602,3603,2025-06-20,Mumbai,Home,Bedsheet,2,921.97,1843.94,New,Cash
2603,3604,2025-03-18,Delhi,Home,Pillow,5,499.18,2495.9,New,Cash
2604,3605,2025-10-01,Bangalore,Home,Bedsheet,8,989.85,7918.8,New,Cash
2605,3606,2025-04-04,Kolkata,Electronics,Keyboard,8,1240.36,9922.88,Returning,UPI
2606,3607,2025-12-24,Kolkata,Home,Chair,7,2717.47,19022.29,New,Card
2607,3608,2025-07-29,Vizag,Groceries,Rice,8,86.14,689.12,Returning,Cash
2608,3609,2025-10-24,Hyderabad,Home,Chair,2,2581.2,5162.4,New,Cash
2609,3610,2025-02-25,Delhi,Electronics,Mouse,7,547.5,3832.5,Returning,Cash
2610,3611,2025-05-20,Mumbai,Clothing,Jeans,4,1443.96,5775.84,Returning,UPI
2611,3612,2025-02-26,Bangalore,Groceries,Dal,7,121.14,847.98,New,Cash
2612,3613,2025-05-12,Bangalore,Home,Lamp,6,652.91,3917.46,New,Net Banking
2613,3614,2025-02-21,Vizag,Groceries,Sugar,2,52.66,105.32,New,UPI
2614,3615,2025-12-09,Kolkata,Clothing,Jacket,4,2701.51,10806.04,New,Cash
2615,3616,2025-09-15,Bangalore,Clothing,Shoes,5,2500.22,12501.1,New,Cash
2616,3617,2025-07-27,Delhi,Home,Table,1,5493.07,5493.07,New,Cash
2617,3618,2025-03-24,Pune,Electronics,Mouse,1,468.17,468.17,Returning,Card
2618,3619,2025-01-16,Chennai,Groceries,Rice,3,75.95,227.85,Returning,UPI
2619,3620,2025-05-03,Vizag,Groceries,Biscuits,7,36.03,252.21,New,UPI
2620,3621,2025-02-01,Mumbai,Home,Bedsheet,1,846.47,846.47,New,Net Banking
2621,3622,2025-01-17,Hyderabad,Electronics,Mouse,2,530.76,1061.52,New,Cash
2622,3623,2025-12-20,Vizag,Home,Bedsheet,4,829.25,3317.0,New,Net Banking
2623,3624,2025-07-18,Bangalore,Home,Bedsheet,2,969.23,1938.46,Returning,UPI
2624,3625,2025-11-22,Vizag,Groceries,Rice,5,85.53,427.65,Returning,Cash
2625,3626,2025-08-13,Pune,Electronics,Mouse,2,470.6,941.2,New,Cash
2626,3627,2025-03-27,Vizag,Clothing,T-Shirt,1,596.71,596.71,New,Net Banking
2627,3628,2025-08-28,Chennai,Clothing,Jacket,1,3129.04,3129.04,Returning,UPI
2628,3629,2025-08-29,Bangalore,Home,Bedsheet,2,950.26,1900.52,New,Card
2629,3630,2025-03-03,Mumbai,Home,Lamp,8,698.66,5589.28,Returning,Cash
2630,3631,2025-10-14,Chennai,Clothing,T-Shirt,8,645.4,5163.2,New,Card
2631,3632,2025-10-09,Pune,Groceries,Biscuits,1,41.39,41.39,Returning,Net Banking
2632,3633,2025-12-09,Delhi,Electronics,Mouse,3,515.13,1545.39,New,Card
2633,3634,2025-03-04,Kolkata,Clothing,Jacket,3,2797.36,8392.08,New,Net Banking
2634,3635,2025-05-13,Kolkata,Home,Table,6,5346.92,32081.52,Returning,UPI
2635,3636,2025-11-14,Chennai,Home,Chair,6,2283.15,13698.9,New,Cash
2636,3637,2025-03-01,Kolkata,Clothing,T-Shirt,6,546.59,3279.54,Returning,Card
2637,3638,2025-01-05,Mumbai,Home,Bedsheet,1,896.46,896.46,New,Cash
2638,3639,2025-03-22,Delhi,Electronics,Webcam,5,3774.95,18874.75,New,UPI
2639,3640,2025-05-30,Chennai,Clothing,Shirt,3,1149.25,3447.75,New,UPI
2640,3641,2025-11-04,Chennai,Electronics,Headphones,2,2095.44,4190.88,New,Cash
2641,3642,2025-02-06,Kolkata,Clothing,T-Shirt,3,552.11,1656.33,Returning,Cash
2642,3643,2025-05-06,Mumbai,Home,Lamp,7,729.81,5108.67,Returning,Card
2643,3644,2025-06-16,Hyderabad,Groceries,Biscuits,2,36.75,73.5,New,Cash
2644,3645,2025-03-21,Vizag,Home,Chair,5,2634.35,13171.75,Returning,UPI
2645,3646,2025-06-14,Chennai,Groceries,Dal,4,121.24,484.96,New,UPI
2646,3647,2025-03-10,Mumbai,Home,Chair,6,2653.59,15921.54,Returning,Net Banking
2647,3648,2025-07-12,Hyderabad,Electronics,Headphones,6,1903.84,11423.04,Returning,Card
2648,3649,2025-05-30,Kolkata,Clothing,Jacket,1,2792.1,2792.1,Returning,Cash
2649,3650,2025-07-03,Chennai,Home,Chair,8,2320.67,18565.36,Returning,UPI
2650,3651,2025-09-14,Vizag,Electronics,Monitor,4,10946.75,43787.0,New,Cash
2651,3652,2025-11-25,Mumbai,Home,Lamp,8,704.42,5635.36,Returning,UPI
2652,3653,2025-04-27,Hyderabad,Clothing,T-Shirt,8,578.17,4625.36,New,Net Banking
2653,3654,2025-06-16,Vizag,Groceries,Rice,5,80.05,400.25,New,Net Banking
2654,3655,2025-07-21,Kolkata,Electronics,Keyboard,3,1159.76,3479.28,New,Net Banking
2655,3656,2025-08-18,Kolkata,Clothing,Shirt,5,1319.29,6596.45,New,Cash
2656,3657,2025-07-13,Mumbai,Clothing,T-Shirt,8,618.32,4946.56,New,Net Banking
2657,3658,2025-10-08,Kolkata,Electronics,Keyboard,6,1129.98,6779.88,Returning,Net Banking
2658,3659,2025-09-28,Kolkata,Clothing,Shoes,3,2358.94,7076.82,Returning,UPI
2659,3660,2025-09-25,Kolkata,Home,Bedsheet,5,903.06,4515.3,New,Card
2660,3661,2025-05-13,Hyderabad,Electronics,Headphones,6,2110.97,12665.82,Returning,UPI
2661,3662,2025-02-12,Pune,Clothing,Jacket,4,3046.63,12186.52,Returning,Net Banking
2662,3663,2025-12-02,Pune,Groceries,Rice,6,75.07,450.42,Returning,Net Banking
2663,3664,2025-06-23,Pune,Electronics,Monitor,8,11999.55,95996.4,Returning,Card
2664,3665,2025-09-27,Delhi,Home,Bedsheet,1,853.42,853.42,New,Card
2665,3666,2025-03-08,Vizag,Home,Pillow,7,524.96,3674.72,New,Card
2666,3667,2025-03-17,Vizag,Electronics,Keyboard,3,1306.49,3919.47,New,UPI
2667,3668,2025-09-08,Kolkata,Electronics,Monitor,6,12363.0,74178.0,New,Net Banking
2668,3669,2025-05-31,Bangalore,Electronics,Monitor,3,10937.29,32811.87,Returning,UPI
2669,3670,2025-04-30,Hyderabad,Groceries,Sugar,7,50.77,355.39,Returning,Card
2670,3671,2025-04-02,Bangalore,Electronics,Monitor,1,11297.59,11297.59,New,Card
2671,3672,2025-05-17,Bangalore,Home,Table,1,4595.66,4595.66,Returning,Cash
2672,3673,2025-01-13,Chennai,Home,Bedsheet,1,886.01,886.01,Returning,Net Banking
2673,3674,2025-04-10,Vizag,Electronics,Keyboard,2,1176.01,2352.02,New,Cash
2674,3675,2025-04-17,Bangalore,Electronics,Mouse,5,508.33,2541.65,Returning,Net Banking
2675,3676,2025-04-25,Chennai,Clothing,Shoes,5,2438.37,12191.85,Returning,Card
2676,3677,2025-10-12,Hyderabad,Groceries,Dal,7,131.49,920.43,New,UPI
2677,3678,2025-06-29,Pune,Home,Lamp,5,638.52,3192.6,New,Card
2678,3679,2025-09-10,Bangalore,Clothing,Jeans,8,1560.21,12481.68,New,Card
2679,3680,2025-01-25,Delhi,Electronics,Monitor,4,11635.35,46541.4,Returning,UPI
2680,3681,2025-11-27,Pune,Clothing,Jacket,7,2971.54,20800.78,New,Net Banking
2681,3682,2025-04-16,Vizag,Clothing,Shirt,5,1165.42,5827.1,Returning,Cash
2682,3683,2025-10-07,Kolkata,Electronics,Monitor,1,12013.6,12013.6,Returning,UPI
2683,3684,2025-01-12,Bangalore,Home,Chair,6,2626.77,15760.62,New,UPI
2684,3685,2025-03-26,Bangalore,Electronics,Webcam,3,3566.52,10699.56,New,Cash
2685,3686,2025-10-05,Hyderabad,Groceries,Oil,1,143.38,143.38,New,Card
2686,3687,2025-03-30,Hyderabad,Clothing,Shoes,4,2373.63,9494.52,New,Card
2687,3688,2025-07-11,Pune,Groceries,Rice,1,74.46,74.46,Returning,UPI
2688,3689,2025-05-26,Pune,Electronics,Webcam,4,3842.52,15370.08,New,Card
2689,3690,2025-04-17,Mumbai,Home,Table,5,5195.14,25975.7,New,Card
2690,3691,2025-03-25,Kolkata,Clothing,Shoes,4,2447.06,9788.24,New,UPI
2691,3692,2025-05-18,Delhi,Electronics,Headphones,4,1848.98,7395.92,New,Card
2692,3693,2025-07-21,Pune,Electronics,Monitor,6,12603.26,75619.56,New,UPI
2693,3694,2025-07-25,Mumbai,Electronics,Keyboard,4,1312.08,5248.32,New,Net Banking
2694,3695,2025-02-03,Hyderabad,Home,Lamp,6,668.9,4013.4,Returning,Card
2695,3696,2025-06-25,Chennai,Groceries,Rice,4,86.43,345.72,New,Card
2696,3697,2025-02-21,Vizag,Home,Chair,2,2601.5,5203.0,Returning,Card
2697,3698,2025-05-21,Vizag,Home,Pillow,7,535.5,3748.5,Returning,Card
2698,3699,2025-03-14,Hyderabad,Home,Lamp,7,644.4,4510.8,Returning,UPI
2699,3700,2025-10-31,Bangalore,Home,Pillow,1,450.45,450.45,Returning,Cash
2700,3701,2025-12-28,Chennai,Clothing,Shoes,1,2345.53,2345.53,New,Cash
2701,3702,2025-02-18,Delhi,Clothing,Shoes,6,2254.97,13529.82,New,Card
2702,3703,2025-12-08,Hyderabad,Electronics,Webcam,2,3359.66,6719.32,Returning,Net Banking
2703,3704,2025-03-06,Pune,Home,Pillow,5,496.61,2483.05,Returning,Card
2704,3705,2025-05-11,Pune,Clothing,T-Shirt,4,624.98,2499.92,New,Card
2705,3706,2025-08-09,Vizag,Electronics,Headphones,8,1997.06,15976.48,Returning,Card
2706,3707,2025-10-13,Kolkata,Clothing,Jeans,3,1526.67,4580.01,Returning,UPI
2707,3708,2025-08-28,Delhi,Groceries,Biscuits,1,37.33,37.33,Returning,Cash
2708,3709,2025-07-03,Mumbai,Electronics,Webcam,6,3595.58,21573.48,New,Cash
2709,3710,2025-03-30,Hyderabad,Home,Chair,3,2452.27,7356.81,Returning,Net Banking
2710,3711,2025-04-21,Pune,Home,Pillow,3,486.24,1458.72,Returning,UPI
2711,3712,2025-06-29,Hyderabad,Home,Pillow,3,467.26,1401.78,New,Card
2712,3713,2025-06-03,Vizag,Groceries,Dal,3,126.17,378.51,New,Net Banking
2713,3714,2025-11-27,Hyderabad,Clothing,Shirt,5,1291.39,6456.95,New,Card
2714,3715,2025-10-19,Bangalore,Clothing,Jeans,5,1376.16,6880.8,New,UPI
2715,3716,2025-08-16,Hyderabad,Home,Chair,3,2665.74,7997.22,New,Net Banking
2716,3717,2025-06-25,Hyderabad,Home,Bedsheet,5,975.34,4876.7,Returning,Net Banking
2717,3718,2025-05-26,Hyderabad,Clothing,Jeans,2,1493.16,2986.32,New,Card
2718,3719,2025-05-06,Pune,Electronics,Mouse,2,507.49,1014.98,New,Card
2719,3720,2025-02-17,Chennai,Clothing,Jeans,5,1600.91,8004.55,New,Net Banking
2720,3721,2025-09-28,Bangalore,Electronics,Mouse,7,546.51,3825.57,Returning,Net Banking
2721,3722,2025-02-26,Kolkata,Electronics,Headphones,7,1912.39,13386.73,New,Net Banking
2722,3723,2025-12-29,Pune,Home,Pillow,7,478.14,3346.98,New,UPI
2723,3724,2025-05-19,Kolkata,Groceries,Oil,8,140.2,1121.6,New,Net Banking
2724,3725,2025-04-16,Mumbai,Home,Pillow,4,517.33,2069.32,Returning,UPI
2725,3726,2025-02-17,Kolkata,Electronics,Webcam,5,3348.18,16740.9,Returning,Card
2726,3727,2025-05-28,Chennai,Clothing,T-Shirt,7,581.88,4073.16,New,Net Banking
2727,3728,2025-07-18,Pune,Clothing,Jacket,8,3095.1,24760.8,Returning,Net Banking
2728,3729,2025-11-06,Delhi,Electronics,Monitor,4,12696.09,50784.36,New,UPI
2729,3730,2025-06-24,Chennai,Groceries,Dal,2,119.36,238.72,Returning,UPI
2730,3731,2025-12-24,Bangalore,Electronics,Monitor,4,11213.85,44855.4,New,Card
2731,3732,2025-05-17,Delhi,Groceries,Biscuits,4,39.56,158.24,New,Net Banking
2732,3733,2025-06-21,Mumbai,Clothing,Jeans,5,1453.61,7268.05,Returning,Cash
2733,3734,2025-05-31,Pune,Home,Table,1,4665.51,4665.51,New,Net Banking
2734,3735,2025-08-28,Bangalore,Clothing,Jacket,1,2868.52,2868.52,New,Net Banking
2735,3736,2025-01-02,Pune,Groceries,Rice,1,87.67,87.67,New,Cash
2736,3737,2025-07-20,Delhi,Groceries,Dal,5,112.19,560.95,New,Cash
2737,3738,2025-02-09,Delhi,Electronics,Mouse,4,497.7,1990.8,Returning,UPI
2738,3739,2025-05-31,Mumbai,Groceries,Dal,7,125.69,879.83,Returning,Cash
2739,3740,2025-07-12,Chennai,Groceries,Oil,8,136.54,1092.32,Returning,Cash
2740,3741,2025-03-09,Kolkata,Home,Lamp,7,748.87,5242.09,New,Net Banking
2741,3742,2025-02-14,Pune,Electronics,Headphones,5,2152.91,10764.55,New,UPI
2742,3743,2025-03-27,Chennai,Clothing,Jacket,8,3254.7,26037.6,New,Cash
2743,3744,2025-10-15,Kolkata,Groceries,Rice,8,82.4,659.2,New,Cash
2744,3745,2025-08-08,Hyderabad,Clothing,Shoes,7,2626.45,18385.15,Returning,UPI
2745,3746,2025-08-06,Mumbai,Clothing,Jeans,8,1430.1,11440.8,New,UPI
2746,3747,2025-01-12,Kolkata,Home,Chair,8,2582.94,20663.52,Returning,UPI
2747,3748,2025-09-01,Delhi,Clothing,Jeans,3,1476.19,4428.57,New,UPI
2748,3749,2025-09-15,Pune,Home,Table,7,4829.1,33803.7,New,Net Banking
2749,3750,2025-12-15,Bangalore,Home,Pillow,7,470.44,3293.08,Returning,Net Banking
2750,3751,2025-12-10,Delhi,Electronics,Headphones,6,2139.26,12835.56,New,Card
2751,3752,2025-10-15,Kolkata,Electronics,Monitor,1,11429.67,11429.67,New,Net Banking
2752,3753,2025-04-06,Hyderabad,Home,Bedsheet,7,880.34,6162.38,New,Net Banking
2753,3754,2025-10-25,Bangalore,Clothing,Shirt,1,1193.9,1193.9,New,Card
2754,3755,2025-06-15,Mumbai,Home,Bedsheet,3,885.36,2656.08,New,Net Banking
2755,3756,2025-06-07,Delhi,Electronics,Monitor,1,12081.34,12081.34,New,Net Banking
2756,3757,2025-12-23,Mumbai,Groceries,Oil,1,141.19,141.19,New,Card
2757,3758,2025-07-03,Kolkata,Groceries,Sugar,1,46.13,46.13,Returning,UPI
2758,3759,2025-06-24,Vizag,Home,Table,3,4563.51,13690.53,New,UPI
2759,3760,2025-05-20,Mumbai,Groceries,Sugar,3,54.59,163.77,Returning,Card
2760,3761,2025-10-03,Chennai,Electronics,Keyboard,2,1191.82,2383.64,Returning,Net Banking
2761,3762,2025-05-19,Mumbai,Electronics,Monitor,7,13089.24,91624.68,New,Cash
2762,3763,2025-05-10,Bangalore,Electronics,Mouse,7,515.05,3605.35,New,Cash
2763,3764,2025-02-28,Vizag,Electronics,Keyboard,8,1265.93,10127.44,New,Card
2764,3765,2025-01-25,Mumbai,Home,Lamp,1,692.48,692.48,New,UPI
2765,3766,2025-09-28,Bangalore,Electronics,Monitor,3,11765.07,35295.21,Returning,Card
2766,3767,2025-01-16,Hyderabad,Groceries,Sugar,6,52.52,315.12,Returning,Card
2767,3768,2025-08-28,Delhi,Groceries,Biscuits,3,41.13,123.39,New,UPI
2768,3769,2025-10-31,Chennai,Home,Table,1,4922.98,4922.98,Returning,UPI
2769,3770,2025-01-08,Hyderabad,Clothing,Jacket,7,2935.15,20546.05,New,UPI
2770,3771,2025-11-22,Bangalore,Clothing,Shirt,2,1189.51,2379.02,Returning,Card
2771,3772,2025-11-01,Kolkata,Groceries,Sugar,5,47.18,235.9,New,Cash
2772,3773,2025-02-11,Bangalore,Groceries,Biscuits,8,43.2,345.6,New,Cash
2773,3774,2025-07-11,Mumbai,Clothing,Shoes,3,2578.81,7736.43,Returning,UPI
2774,3775,2025-05-08,Hyderabad,Electronics,Keyboard,4,1190.05,4760.2,New,Cash
2775,3776,2025-07-12,Vizag,Home,Chair,1,2374.96,2374.96,New,Card
2776,3777,2025-12-20,Delhi,Groceries,Oil,7,144.55,1011.85,New,Cash
2777,3778,2025-02-10,Vizag,Groceries,Oil,7,142.68,998.76,Returning,Cash
2778,3779,2025-05-20,Bangalore,Electronics,Keyboard,7,1278.5,8949.5,New,Cash
2779,3780,2025-05-22,Kolkata,Home,Chair,4,2508.89,10035.56,Returning,Card
2780,3781,2025-07-15,Kolkata,Clothing,Jeans,4,1478.37,5913.48,Returning,Net Banking
2781,3782,2025-10-25,Delhi,Groceries,Biscuits,2,37.03,74.06,Returning,Card
2782,3783,2025-09-26,Kolkata,Clothing,T-Shirt,5,562.32,2811.6,New,Card
2783,3784,2025-08-02,Kolkata,Home,Table,3,4511.08,13533.24,New,Net Banking
2784,3785,2025-07-13,Bangalore,Home,Pillow,4,539.25,2157.0,New,Card
2785,3786,2025-07-24,Vizag,Groceries,Biscuits,8,42.92,343.36,Returning,Net Banking
2786,3787,2025-03-04,Mumbai,Clothing,Shoes,7,2256.18,15793.26,Returning,Card
2787,3788,2025-05-07,Chennai,Electronics,Webcam,5,3776.65,18883.25,Returning,Card
2788,3789,2025-03-06,Kolkata,Clothing,Shirt,2,1117.14,2234.28,New,UPI
2789,3790,2025-12-01,Vizag,Electronics,Mouse,5,479.75,2398.75,Returning,Card
2790,3791,2025-05-26,Chennai,Electronics,Headphones,4,2141.16,8564.64,New,Cash
2791,3792,2025-10-22,Vizag,Electronics,Mouse,4,501.66,2006.64,Returning,Card
2792,3793,2025-10-04,Kolkata,Home,Pillow,1,509.14,509.14,Returning,Net Banking
2793,3794,2025-01-06,Pune,Groceries,Oil,3,143.91,431.73,New,UPI
2794,3795,2025-01-16,Vizag,Clothing,Jeans,6,1599.5,9597.0,Returning,Net Banking
2795,3796,2025-11-14,Kolkata,Electronics,Webcam,5,3541.09,17705.45,New,UPI
2796,3797,2025-02-13,Vizag,Groceries,Dal,3,129.1,387.3,Returning,Card
2797,3798,2025-09-27,Kolkata,Electronics,Monitor,7,11781.7,82471.9,Returning,Net Banking
2798,3799,2025-06-07,Vizag,Clothing,Shoes,1,2404.81,2404.81,Returning,UPI
2799,3800,2025-12-03,Mumbai,Clothing,Shoes,4,2732.18,10928.72,Returning,Cash
2800,3801,2025-09-08,Vizag,Home,Bedsheet,1,819.33,819.33,New,Card
2801,3802,2025-08-03,Chennai,Electronics,Monitor,6,10949.06,65694.36,New,UPI
2802,3803,2025-09-22,Vizag,Clothing,Shoes,2,2545.39,5090.78,New,Card
2803,3804,2025-04-05,Delhi,Home,Bedsheet,4,863.69,3454.76,Returning,Cash
2804,3805,2025-09-10,Kolkata,Home,Lamp,1,739.16,739.16,New,Net Banking
2805,3806,2025-02-03,Hyderabad,Home,Pillow,4,481.52,1926.08,Returning,Net Banking
2806,3807,2025-11-19,Hyderabad,Groceries,Rice,2,84.58,169.16,Returning,UPI
2807,3808,2025-10-31,Pune,Home,Pillow,3,536.39,1609.17,New,Cash
2808,3809,2025-01-19,Chennai,Groceries,Dal,4,131.32,525.28,Returning,UPI
2809,3810,2025-02-18,Pune,Groceries,Sugar,2,52.29,104.58,Returning,Cash
2810,3811,2025-05-08,Chennai,Groceries,Biscuits,7,41.35,289.45,Returning,UPI
2811,3812,2025-01-06,Mumbai,Home,Chair,1,2275.29,2275.29,New,Cash
2812,3813,2025-01-10,Mumbai,Groceries,Sugar,2,50.4,100.8,New,Card
2813,3814,2025-10-29,Kolkata,Electronics,Webcam,1,3626.68,3626.68,Returning,Card
2814,3815,2025-10-06,Kolkata,Electronics,Keyboard,6,1299.68,7798.08,Returning,UPI
2815,3816,2025-06-14,Bangalore,Home,Table,1,4651.55,4651.55,Returning,UPI
2816,3817,2025-04-16,Mumbai,Home,Lamp,7,729.3,5105.1,New,Cash
2817,3818,2025-04-08,Vizag,Home,Pillow,4,455.55,1822.2,Returning,Cash
2818,3819,2025-08-10,Vizag,Electronics,Webcam,1,3683.46,3683.46,New,Net Banking
2819,3820,2025-12-14,Chennai,Electronics,Webcam,3,3178.72,9536.16,New,Cash
2820,3821,2025-03-16,Kolkata,Clothing,T-Shirt,2,563.96,1127.92,Returning,UPI
2821,3822,2025-10-15,Hyderabad,Electronics,Headphones,5,2021.42,10107.1,Returning,Card
2822,3823,2025-02-27,Kolkata,Home,Pillow,3,515.81,1547.43,New,Cash
2823,3824,2025-04-26,Vizag,Home,Pillow,3,451.81,1355.43,New,Net Banking
2824,3825,2025-06-01,Vizag,Home,Lamp,6,729.56,4377.36,New,Card
2825,3826,2025-05-29,Kolkata,Clothing,T-Shirt,8,630.09,5040.72,New,Cash
2826,3827,2025-09-06,Kolkata,Clothing,Shirt,5,1181.09,5905.45,Returning,Card
2827,3828,2025-10-23,Kolkata,Home,Pillow,4,482.67,1930.68,New,Cash
2828,3829,2025-02-07,Delhi,Clothing,T-Shirt,3,629.88,1889.64,New,Card
2829,3830,2025-07-18,Kolkata,Groceries,Dal,8,108.14,865.12,New,Cash
2830,3831,2025-07-22,Mumbai,Electronics,Monitor,4,10899.67,43598.68,Returning,UPI
2831,3832,2025-11-25,Chennai,Groceries,Rice,3,83.69,251.07,Returning,Cash
2832,3833,2025-04-21,Hyderabad,Electronics,Webcam,2,3157.66,6315.32,New,Card
2833,3834,2025-03-11,Hyderabad,Electronics,Keyboard,1,1114.36,1114.36,Returning,Cash
2834,3835,2025-10-19,Vizag,Clothing,Jeans,8,1577.09,12616.72,Returning,Card
2835,3836,2025-01-22,Hyderabad,Electronics,Webcam,3,3828.42,11485.26,Returning,UPI
2836,3837,2025-09-10,Delhi,Clothing,Jacket,6,3250.34,19502.04,Returning,Cash
2837,3838,2025-05-27,Delhi,Groceries,Biscuits,3,36.35,109.05,Returning,Cash
2838,3839,2025-01-09,Chennai,Clothing,Shirt,2,1109.85,2219.7,Returning,Cash
2839,3840,2025-05-25,Pune,Groceries,Biscuits,4,38.27,153.08,Returning,Net Banking
2840,3841,2025-09-10,Vizag,Clothing,Jeans,6,1394.82,8368.92,New,Cash
2841,3842,2025-07-29,Chennai,Home,Chair,1,2367.37,2367.37,Returning,Card
2842,3843,2025-01-06,Delhi,Groceries,Biscuits,7,36.24,253.68,Returning,Card
2843,3844,2025-06-30,Chennai,Home,Chair,1,2315.54,2315.54,Returning,Cash
2844,3845,2025-12-15,Hyderabad,Electronics,Mouse,6,545.49,3272.94,New,Net Banking
2845,3846,2025-02-18,Pune,Clothing,T-Shirt,7,599.65,4197.55,Returning,UPI
2846,3847,2025-07-11,Bangalore,Groceries,Biscuits,8,40.58,324.64,New,Cash
2847,3848,2025-06-17,Delhi,Groceries,Rice,4,75.92,303.68,Returning,Cash
2848,3849,2025-07-07,Mumbai,Electronics,Monitor,5,12556.62,62783.1,New,Cash
2849,3850,2025-08-24,Chennai,Home,Table,1,4819.32,4819.32,New,Net Banking
2850,3851,2025-08-08,Pune,Home,Lamp,7,711.3,4979.1,Returning,UPI
2851,3852,2025-09-11,Delhi,Clothing,Jeans,6,1564.04,9384.24,Returning,Net Banking
2852,3853,2025-04-06,Mumbai,Electronics,Headphones,8,1819.67,14557.36,Returning,Net Banking
2853,3854,2025-01-04,Chennai,Electronics,Webcam,5,3321.05,16605.25,New,Card
2854,3855,2025-05-04,Mumbai,Electronics,Webcam,6,3452.74,20716.44,New,Card
2855,3856,2025-07-27,Delhi,Home,Pillow,3,471.03,1413.09,Returning,UPI
2856,3857,2025-03-25,Kolkata,Clothing,Shirt,3,1157.32,3471.96,Returning,Net Banking
2857,3858,2025-05-02,Bangalore,Clothing,Shoes,3,2469.65,7408.95,New,Cash
2858,3859,2025-04-04,Hyderabad,Clothing,T-Shirt,3,568.6,1705.8,New,Cash
2859,3860,2025-04-27,Bangalore,Electronics,Mouse,7,511.68,3581.76,Returning,Cash
2860,3861,2025-02-06,Bangalore,Clothing,Jeans,5,1498.39,7491.95,New,Net Banking
2861,3862,2025-05-18,Pune,Groceries,Sugar,2,48.28,96.56,New,Net Banking
2862,3863,2025-12-20,Chennai,Electronics,Monitor,6,11847.4,71084.4,New,Card
2863,3864,2025-07-21,Delhi,Electronics,Mouse,1,521.66,521.66,New,Card
2864,3865,2025-03-19,Bangalore,Clothing,Jeans,7,1647.87,11535.09,Returning,Net Banking
2865,3866,2025-02-08,Kolkata,Home,Chair,4,2351.88,9407.52,New,Net Banking
2866,3867,2025-08-15,Hyderabad,Home,Lamp,8,633.96,5071.68,New,Cash
2867,3868,2025-06-21,Pune,Electronics,Keyboard,7,1271.42,8899.94,New,Cash
2868,3869,2025-01-20,Vizag,Clothing,Shoes,2,2613.96,5227.92,Returning,UPI
2869,3870,2025-11-28,Kolkata,Clothing,Jacket,5,2711.1,13555.5,Returning,Cash
2870,3871,2025-07-10,Hyderabad,Clothing,Jacket,8,2952.15,23617.2,Returning,Card
2871,3872,2025-04-08,Pune,Electronics,Mouse,4,520.66,2082.64,Returning,Cash
2872,3873,2025-05-17,Pune,Home,Bedsheet,5,913.26,4566.3,Returning,Card
2873,3874,2025-12-24,Vizag,Electronics,Webcam,4,3836.66,15346.64,Returning,UPI
2874,3875,2025-11-14,Pune,Groceries,Biscuits,7,36.28,253.96,Returning,UPI
2875,3876,2025-08-02,Kolkata,Groceries,Biscuits,4,37.14,148.56,Returning,Card
2876,3877,2025-05-12,Kolkata,Clothing,Jeans,4,1642.61,6570.44,New,Card
2877,3878,2025-02-23,Pune,Electronics,Keyboard,2,1238.53,2477.06,Returning,Cash
2878,3879,2025-02-07,Bangalore,Clothing,Shoes,1,2252.04,2252.04,Returning,Net Banking
2879,3880,2025-09-29,Delhi,Clothing,Jeans,4,1594.99,6379.96,Returning,Cash
2880,3881,2025-08-25,Vizag,Clothing,Jeans,6,1469.31,8815.86,New,Card
2881,3882,2025-10-07,Vizag,Clothing,Jeans,8,1507.76,12062.08,New,Cash
2882,3883,2025-07-16,Chennai,Groceries,Rice,7,80.35,562.45,New,Cash
2883,3884,2025-10-22,Delhi,Groceries,Dal,5,119.22,596.1,Returning,UPI
2884,3885,2025-11-16,Delhi,Groceries,Biscuits,7,41.49,290.43,Returning,Card
2885,3886,2025-07-22,Chennai,Clothing,T-Shirt,8,558.5,4468.0,New,UPI
2886,3887,2025-03-09,Hyderabad,Clothing,Jacket,2,2930.51,5861.02,New,Net Banking
2887,3888,2025-12-17,Kolkata,Groceries,Sugar,6,52.32,313.92,Returning,Cash
2888,3889,2025-07-03,Vizag,Home,Table,7,4822.47,33757.29,Returning,UPI
2889,3890,2025-01-03,Hyderabad,Clothing,Shoes,8,2465.48,19723.84,New,Net Banking
2890,3891,2025-03-09,Delhi,Home,Lamp,7,743.17,5202.19,New,Cash
2891,3892,2025-06-16,Chennai,Electronics,Monitor,7,11646.96,81528.72,New,Card
2892,3893,2025-09-20,Vizag,Groceries,Sugar,5,45.69,228.45,Returning,UPI
2893,3894,2025-10-01,Kolkata,Clothing,Jeans,4,1508.79,6035.16,New,Card
2894,3895,2025-08-20,Hyderabad,Groceries,Dal,1,125.52,125.52,New,Net Banking
2895,3896,2025-05-18,Bangalore,Clothing,T-Shirt,5,637.19,3185.95,New,Net Banking
2896,3897,2025-06-20,Hyderabad,Electronics,Keyboard,1,1271.36,1271.36,New,UPI
2897,3898,2025-10-24,Hyderabad,Groceries,Rice,4,76.31,305.24,Returning,UPI
2898,3899,2025-10-22,Vizag,Home,Table,8,5368.01,42944.08,New,Cash
2899,3900,2025-07-05,Kolkata,Groceries,Oil,5,138.29,691.45,Returning,UPI
2900,3901,2025-07-01,Kolkata,Groceries,Sugar,1,49.64,49.64,Returning,Cash
2901,3902,2025-11-24,Mumbai,Electronics,Webcam,6,3498.79,20992.74,Returning,UPI
2902,3903,2025-08-10,Hyderabad,Groceries,Biscuits,1,37.12,37.12,New,Cash
2903,3904,2025-02-16,Pune,Groceries,Oil,1,159.04,159.04,New,Cash
2904,3905,2025-06-09,Bangalore,Groceries,Biscuits,1,39.75,39.75,New,Card
2905,3906,2025-08-30,Delhi,Electronics,Webcam,8,3615.49,28923.92,Returning,Net Banking
2906,3907,2025-02-28,Delhi,Groceries,Biscuits,6,43.65,261.9,New,Net Banking
2907,3908,2025-09-14,Bangalore,Groceries,Biscuits,3,37.61,112.83,Returning,Net Banking
2908,3909,2025-11-28,Mumbai,Groceries,Rice,7,74.55,521.85,New,Net Banking
2909,3910,2025-05-24,Bangalore,Electronics,Headphones,7,2086.57,14605.99,Returning,Net Banking
2910,3911,2025-08-16,Mumbai,Home,Lamp,4,643.81,2575.24,New,Net Banking
2911,3912,2025-11-25,Chennai,Home,Pillow,4,515.72,2062.88,Returning,UPI
2912,3913,2025-03-17,Kolkata,Electronics,Monitor,3,11507.76,34523.28,Returning,Cash
2913,3914,2025-03-20,Mumbai,Groceries,Dal,1,130.41,130.41,New,Net Banking
2914,3915,2025-11-16,Hyderabad,Clothing,Jeans,8,1385.71,11085.68,New,Card
2915,3916,2025-08-08,Pune,Clothing,Jacket,1,2721.55,2721.55,Returning,Net Banking
2916,3917,2025-08-17,Pune,Electronics,Webcam,5,3716.94,18584.7,Returning,UPI
2917,3918,2025-04-14,Chennai,Home,Chair,8,2406.98,19255.84,New,Net Banking
2918,3919,2025-02-03,Pune,Clothing,Jacket,2,2911.65,5823.3,Returning,UPI
2919,3920,2025-10-09,Mumbai,Groceries,Sugar,7,46.68,326.76,Returning,Net Banking
2920,3921,2025-01-09,Vizag,Home,Pillow,1,536.12,536.12,Returning,UPI
2921,3922,2025-04-03,Chennai,Clothing,Jeans,7,1554.38,10880.66,New,Cash
2922,3923,2025-10-18,Kolkata,Electronics,Webcam,2,3258.28,6516.56,New,Card
2923,3924,2025-07-18,Hyderabad,Electronics,Monitor,1,12996.98,12996.98,New,UPI
2924,3925,2025-03-17,Bangalore,Home,Table,3,4719.45,14158.35,Returning,Card
2925,3926,2025-11-08,Vizag,Clothing,Shoes,7,2580.68,18064.76,New,Card
2926,3927,2025-08-24,Kolkata,Groceries,Rice,7,79.85,558.95,New,Card
2927,3928,2025-09-07,Vizag,Groceries,Sugar,8,45.13,361.04,New,UPI
2928,3929,2025-06-24,Hyderabad,Clothing,Jeans,2,1446.87,2893.74,Returning,Net Banking
2929,3930,2025-09-26,Vizag,Electronics,Headphones,3,2057.48,6172.44,New,Cash
2930,3931,2025-09-18,Mumbai,Groceries,Sugar,1,48.11,48.11,New,UPI
2931,3932,2025-01-27,Chennai,Groceries,Rice,5,86.2,431.0,New,Card
2932,3933,2025-08-16,Chennai,Groceries,Rice,4,78.41,313.64,Returning,Net Banking
2933,3934,2025-08-19,Vizag,Electronics,Mouse,8,537.83,4302.64,New,Card
2934,3935,2025-09-20,Delhi,Clothing,Shoes,5,2428.58,12142.9,Returning,Net Banking
2935,3936,2025-04-29,Kolkata,Home,Table,5,4524.74,22623.7,Returning,Cash
2936,3937,2025-03-10,Pune,Electronics,Mouse,7,471.79,3302.53,Returning,Card
2937,3938,2025-07-01,Vizag,Home,Table,4,5368.6,21474.4,Returning,Net Banking
2938,3939,2025-04-30,Chennai,Clothing,Shirt,3,1239.01,3717.03,Returning,Card
2939,3940,2025-07-08,Delhi,Electronics,Keyboard,2,1159.54,2319.08,New,Card
2940,3941,2025-07-10,Chennai,Clothing,Jeans,5,1377.14,6885.7,Returning,Cash
2941,3942,2025-01-13,Vizag,Clothing,Shirt,7,1271.3,8899.1,New,Cash
2942,3943,2025-07-19,Bangalore,Groceries,Dal,8,125.02,1000.16,New,Cash
2943,3944,2025-11-18,Vizag,Groceries,Biscuits,5,41.2,206.0,Returning,UPI
2944,3945,2025-01-07,Bangalore,Home,Bedsheet,8,810.53,6484.24,New,UPI
2945,3946,2025-05-27,Chennai,Electronics,Monitor,2,12349.27,24698.54,New,Cash
2946,3947,2025-01-30,Delhi,Groceries,Dal,7,124.78,873.46,New,Net Banking
2947,3948,2025-03-07,Bangalore,Home,Lamp,1,733.03,733.03,Returning,Cash
2948,3949,2025-08-06,Pune,Clothing,Jeans,1,1593.57,1593.57,New,Net Banking
2949,3950,2025-08-20,Vizag,Clothing,T-Shirt,4,589.87,2359.48,New,Net Banking
2950,3951,2025-01-01,Bangalore,Home,Chair,7,2726.27,19083.89,Returning,Net Banking
2951,3952,2025-01-17,Bangalore,Clothing,Shoes,3,2655.65,7966.95,New,Card
2952,3953,2025-04-17,Vizag,Clothing,Shoes,1,2286.19,2286.19,Returning,Card
2953,3954,2025-01-09,Chennai,Home,Chair,6,2558.6,15351.6,Returning,Net Banking
2954,3955,2025-05-22,Kolkata,Electronics,Headphones,3,2054.27,6162.81,New,Cash
2955,3956,2025-06-29,Chennai,Groceries,Rice,3,75.38,226.14,Returning,Cash
2956,3957,2025-03-13,Kolkata,Home,Lamp,7,753.44,5274.08,New,UPI
2957,3958,2025-07-14,Mumbai,Home,Pillow,8,525.16,4201.28,New,Cash
2958,3959,2025-03-22,Bangalore,Home,Table,6,4856.02,29136.12,Returning,Net Banking
2959,3960,2025-01-24,Hyderabad,Home,Lamp,2,671.81,1343.62,New,Cash
2960,3961,2025-04-17,Delhi,Electronics,Keyboard,6,1162.39,6974.34,Returning,Cash
2961,3962,2025-10-02,Mumbai,Home,Chair,3,2340.28,7020.84,New,Cash
2962,3963,2025-07-04,Delhi,Home,Pillow,4,456.61,1826.44,Returning,UPI
2963,3964,2025-04-12,Bangalore,Groceries,Dal,5,121.93,609.65,Returning,UPI
2964,3965,2025-08-27,Pune,Electronics,Headphones,8,2010.39,16083.12,New,UPI
2965,3966,2025-06-14,Delhi,Clothing,T-Shirt,5,541.68,2708.4,New,Net Banking
2966,3967,2025-04-10,Hyderabad,Home,Chair,7,2297.38,16081.66,Returning,UPI
2967,3968,2025-02-13,Delhi,Electronics,Mouse,8,546.5,4372.0,New,UPI
2968,3969,2025-08-10,Vizag,Groceries,Rice,2,76.0,152.0,Returning,Card
2969,3970,2025-02-09,Vizag,Electronics,Mouse,8,529.84,4238.72,New,UPI
2970,3971,2025-03-07,Pune,Home,Table,6,4923.24,29539.44,Returning,UPI
2971,3972,2025-08-08,Mumbai,Home,Table,1,4642.79,4642.79,New,UPI
2972,3973,2025-04-11,Hyderabad,Groceries,Sugar,3,52.07,156.21,Returning,UPI
2973,3974,2025-09-15,Kolkata,Electronics,Keyboard,4,1093.02,4372.08,Returning,Cash
2974,3975,2025-02-18,Chennai,Electronics,Headphones,3,1867.28,5601.84,Returning,Card
2975,3976,2025-02-22,Pune,Electronics,Monitor,7,11952.96,83670.72,New,Cash
2976,3977,2025-07-25,Kolkata,Groceries,Biscuits,3,36.15,108.45,New,Card
2977,3978,2025-05-23,Hyderabad,Clothing,Jeans,3,1605.86,4817.58,New,Cash
2978,3979,2025-04-01,Hyderabad,Clothing,Shirt,3,1124.21,3372.63,Returning,Net Banking
2979,3980,2025-11-11,Hyderabad,Clothing,T-Shirt,2,655.31,1310.62,New,UPI
2980,3981,2025-10-22,Chennai,Clothing,Shoes,5,2354.54,11772.7,New,Card
2981,3982,2025-03-01,Mumbai,Clothing,Shoes,3,2508.51,7525.53,New,Card
2982,3983,2025-06-20,Bangalore,Groceries,Sugar,7,51.79,362.53,New,Cash
2983,3984,2025-06-02,Vizag,Clothing,Shirt,7,1151.62,8061.34,Returning,UPI
2984,3985,2025-05-18,Bangalore,Clothing,Shoes,7,2464.7,17252.9,New,Cash
2985,3986,2025-08-31,Mumbai,Clothing,Jacket,8,3081.99,24655.92,Returning,Cash
2986,3987,2025-07-02,Kolkata,Clothing,Shirt,8,1279.29,10234.32,New,Cash
2987,3988,2025-06-20,Chennai,Clothing,Jacket,7,2922.56,20457.92,Returning,Net Banking
2988,3989,2025-11-24,Hyderabad,Home,Pillow,6,528.75,3172.5,Returning,Net Banking
2989,3990,2025-07-09,Mumbai,Groceries,Rice,5,79.56,397.8,New,Net Banking
2990,3991,2025-05-19,Kolkata,Groceries,Oil,5,161.34,806.7,Returning,Cash
2991,3992,2025-12-24,Kolkata,Clothing,Shoes,4,2530.6,10122.4,New,Cash
2992,3993,2025-12-29,Kolkata,Clothing,Jeans,5,1410.76,7053.8,Returning,Card
2993,3994,2025-03-22,Vizag,Groceries,Rice,6,79.6,477.6,Returning,Card
2994,3995,2025-12-04,Delhi,Clothing,Shoes,5,2356.25,11781.25,Returning,Cash
2995,3996,2025-02-21,Kolkata,Home,Pillow,1,491.3,491.3,New,Cash
2996,3997,2025-10-07,Chennai,Home,Table,4,5115.91,20463.64,Returning,UPI
2997,3998,2025-09-21,Mumbai,Groceries,Oil,2,138.05,276.1,Returning,UPI
2998,3999,2025-04-17,Vizag,Electronics,Keyboard,1,1199.3,1199.3,New,Net Banking
2999,4000,2025-01-03,Chennai,Electronics,Monitor,3,12660.04,37980.12,Returning,Net Banking
